,Ministério da Educação,,,,,,,,,,,,,,,,,,,
,Instituto Nacional de Estudos e Pesquisas Educacionais Anísio Teixeira,,,,,,,,,,,,,,,,,,,
,,,,,,,,,,,,,,,,,,,,
"Taxa de Distorção Idade-Série - Brasil, Regiões Geográficas e Unidades da Federação - 2024",,,,,,,,,,,,,,,,,,,,
"Taxa de Distorção Idade-Série por Localização e Dependência Administrativa, nos Níveis de Ensino Fundamental e Médio - Brasil, Regiões Geográficas e Unidades da Federação - 2024",,,,,,,,,,,,,,,,,,,,
Ano,Unidade Geográfica,Localização,Dependência Administrativa,Ensino Fundamental ,,,,,,,,,,,,Ensino Médio,,,,
,,,,Total,Anos Iniciais,Anos Finais,1º Ano,2º Ano,3º Ano,4º Ano,5º Ano,6º Ano,7º Ano,8º Ano,9º Ano,Total , 1ª Série, 2ª Série, 3ª Série, 4ª Série
,,,,,,,,,,,,,,,,,,,,
NU_ANO_CENSO,UNIDGEO,NO_CATEGORIA,NO_DEPENDENCIA,FUN_CAT_0,FUN_AI_CAT_0,FUN_AF_CAT_0,FUN_01_CAT_0,FUN_02_CAT_0,FUN_03_CAT_0,FUN_04_CAT_0,FUN_05_CAT_0,FUN_06_CAT_0,FUN_07_CAT_0,FUN_08_CAT_0,FUN_09_CAT_0,MED_CAT_0,MED_01_CAT_0,MED_02_CAT_0,MED_03_CAT_0,MED_04_CAT_0
2024,Brasil,Total,Total,10.9,7.1,15.7,2.1,4.2,8.1,9.9,11.1,15.0,15.9,16.2,15.6,17.8,20.4,17.6,14.7,29.4
2024,Brasil,Urbana,Total,10.1,6.7,14.4,2.0,4.1,7.7,9.3,10.0,13.7,14.7,15.0,14.3,17.2,19.9,16.9,13.9,29.0
2024,Brasil,Rural,Total,16.3,10.1,25.9,2.5,4.9,10.6,13.9,18.1,25.1,25.8,26.3,26.4,29.3,30.1,28.8,28.9,33.3
2024,Brasil,Total,Federal,9.8,4.4,12.1,1.8,3.1,5.0,6.2,5.3,7.7,12.9,13.3,13.8,17.4,16.0,15.8,19.0,30.3
2024,Brasil,Urbana,Federal,9.8,4.4,12.1,1.8,3.1,5.0,6.2,5.3,7.7,12.9,13.3,13.8,17.4,15.9,15.8,19.0,30.3
2024,Brasil,Rural,Federal,--,--,--,--,--,--,--,--,--,--,--,--,17.3,16.4,15.9,19.3,31.0
2024,Brasil,Total,Estadual,12.5,6.7,14.5,2.1,4.0,7.8,8.6,9.9,12.6,14.1,15.4,15.8,19.8,22.8,19.5,16.2,26.0
2024,Brasil,Urbana,Estadual,12.0,5.9,14.0,1.8,3.5,7.0,7.7,8.7,12.1,13.7,14.9,15.3,19.1,22.3,18.8,15.4,25.3
2024,Brasil,Rural,Estadual,20.9,16.0,23.3,6.3,11.0,17.1,19.1,24.3,21.7,22.6,24.1,25.0,30.6,31.7,30.0,29.8,39.6
2024,Brasil,Total,Municipal,12.3,8.0,20.9,2.0,4.5,9.0,11.3,13.0,20.7,21.6,21.4,19.8,18.2,20.3,17.2,16.1,39.7
2024,Brasil,Urbana,Municipal,11.5,7.6,19.4,1.9,4.5,8.8,10.8,12.0,19.4,20.3,20.0,17.9,13.8,16.4,12.9,11.2,30.2
2024,Brasil,Rural,Municipal,15.9,9.8,26.7,2.2,4.5,10.2,13.7,17.8,26.1,26.7,27.1,27.0,59.3,56.5,59.3,60.3,79.7
2024,Brasil,Total,Privada,4.4,4.1,4.9,2.3,3.2,4.7,5.5,4.8,5.0,4.8,4.9,5.0,5.5,6.1,5.5,4.5,43.3
2024,Brasil,Urbana,Privada,4.4,4.1,4.9,2.3,3.2,4.7,5.4,4.8,5.0,4.8,4.8,5.0,5.2,5.9,5.3,4.3,62.6
2024,Brasil,Rural,Privada,7.4,5.4,10.2,2.0,4.2,6.7,7.0,7.7,8.5,10.6,10.7,10.8,18.7,19.1,17.7,19.0,22.3
2024,Brasil,Total,Pública,12.4,7.8,17.9,2.0,4.4,8.9,11.0,12.6,17.1,18.1,18.5,17.7,19.7,22.5,19.4,16.3,28.4
2024,Brasil,Urbana,Pública,11.6,7.4,16.6,1.9,4.3,8.5,10.4,11.5,15.8,16.9,17.3,16.5,19.0,22.0,18.7,15.5,27.8
2024,Brasil,Rural,Pública,16.5,10.1,26.1,2.5,4.9,10.6,14.0,18.2,25.3,26.0,26.5,26.6,29.8,30.6,29.3,29.2,39.4
2024,Norte,Total,Total,17.6,11.8,24.8,3.4,6.6,13.0,15.9,19.6,24.5,24.9,24.9,25.0,26.8,28.0,27.1,24.8,47.0
2024,Norte,Urbana,Total,14.4,9.8,19.9,3.1,5.9,11.1,13.3,15.3,19.5,20.3,20.1,19.8,23.6,25.4,23.8,21.1,69.0
2024,Norte,Rural,Total,26.3,17.0,39.0,4.2,8.2,17.8,22.7,30.3,38.1,38.2,39.2,40.8,42.8,44.4,40.5,44.4,18.4
2024,Norte,Total,Federal,5.8,2.5,6.9,0.7,0.0,1.8,4.6,4.5,3.9,7.9,6.8,8.5,13.7,12.6,12.9,16.0,--
2024,Norte,Urbana,Federal,5.8,2.5,6.9,0.7,0.0,1.8,4.6,4.5,3.9,7.9,6.8,8.5,13.4,12.1,13.1,15.6,--
2024,Norte,Rural,Federal,--,--,--,--,--,--,--,--,--,--,--,--,15.0,15.0,12.2,18.3,--
2024,Norte,Total,Estadual,18.6,12.6,20.8,4.8,8.8,14.1,15.8,16.5,19.8,20.5,21.3,21.7,28.9,30.3,29.1,26.7,69.0
2024,Norte,Urbana,Estadual,16.3,9.6,18.7,3.0,6.4,10.8,12.7,12.4,17.5,18.4,19.1,19.6,25.7,27.6,25.9,22.8,69.0
2024,Norte,Rural,Estadual,32.8,26.4,36.2,12.6,19.0,28.7,30.6,37.0,35.1,35.1,37.3,37.4,44.1,46.3,41.5,45.6,--
2024,Norte,Total,Municipal,19.0,12.7,31.1,3.5,6.8,13.9,17.3,21.9,30.7,31.2,31.3,31.4,27.8,30.3,21.6,32.7,--
2024,Norte,Urbana,Municipal,15.5,11.0,25.3,3.4,6.5,12.4,14.9,17.7,25.2,26.1,25.5,24.1,23.8,17.9,18.4,32.7,--
2024,Norte,Rural,Municipal,25.4,16.3,39.8,3.6,7.3,17.0,22.2,29.9,38.9,39.0,39.9,42.0,100.0,100.0,100.0,--,--
2024,Norte,Total,Privada,4.5,3.7,5.7,1.6,2.5,4.2,5.3,5.3,5.3,5.7,5.6,6.1,6.3,6.9,6.4,5.4,18.4
2024,Norte,Urbana,Privada,4.5,3.8,5.6,1.6,2.5,4.2,5.3,5.4,5.3,5.6,5.5,6.0,5.7,6.4,5.8,4.7,--
2024,Norte,Rural,Privada,6.1,1.6,10.1,0.0,0.3,1.7,1.6,3.9,7.5,12.0,11.4,9.1,21.1,18.4,20.8,26.2,18.4
2024,Norte,Total,Pública,18.9,12.7,26.5,3.6,7.0,13.9,17.1,21.1,26.2,26.5,26.6,26.7,28.3,29.6,28.5,26.3,69.0
2024,Norte,Urbana,Pública,15.8,10.8,21.7,3.4,6.5,12.2,14.5,16.7,21.3,22.0,21.9,21.5,25.2,27.0,25.4,22.5,69.0
2024,Norte,Rural,Pública,26.4,17.1,39.1,4.2,8.2,17.9,22.8,30.4,38.2,38.3,39.3,41.0,43.2,44.9,40.8,44.7,--
2024,Nordeste,Total,Total,14.1,8.9,20.5,2.5,4.7,9.6,12.7,14.8,20.5,20.9,20.9,19.6,22.2,23.7,21.4,20.9,35.2
2024,Nordeste,Urbana,Total,14.1,9.1,19.8,2.7,5.1,10.0,12.9,14.4,20.0,20.2,20.1,18.7,21.6,23.2,20.9,20.3,35.2
2024,Nordeste,Rural,Total,14.3,8.4,23.3,1.8,3.4,8.5,12.0,15.9,22.5,23.5,23.9,23.3,28.7,29.9,27.4,28.3,35.3
2024,Nordeste,Total,Federal,12.1,4.5,14.0,1.1,0.0,4.1,4.1,9.6,7.9,14.9,16.6,15.4,19.9,17.1,17.4,23.1,32.4
2024,Nordeste,Urbana,Federal,12.1,4.5,14.0,1.1,0.0,4.1,4.1,9.6,7.9,14.9,16.6,15.4,19.6,16.5,16.8,23.2,33.1
2024,Nordeste,Rural,Federal,--,--,--,--,--,--,--,--,--,--,--,--,21.5,20.7,21.0,22.9,24.0
2024,Nordeste,Total,Estadual,24.7,15.1,26.5,5.4,9.9,13.1,18.9,23.0,25.9,26.3,27.6,26.2,23.9,25.6,23.2,22.5,43.1
2024,Nordeste,Urbana,Estadual,24.2,12.2,26.1,3.9,7.8,10.1,15.9,18.2,25.3,25.8,27.3,25.7,23.5,25.2,22.8,22.0,39.2
2024,Nordeste,Rural,Estadual,29.5,24.7,32.4,9.3,16.3,22.9,29.6,40.1,31.7,32.7,31.9,33.1,28.3,29.9,26.9,27.7,81.9
2024,Nordeste,Total,Municipal,15.1,9.5,22.4,2.1,4.5,10.1,13.5,16.2,22.6,23.1,22.7,21.0,70.8,73.8,70.5,68.1,64.7
2024,Nordeste,Urbana,Municipal,15.5,10.1,22.2,2.3,5.1,10.9,14.4,16.6,22.7,23.0,22.4,20.4,73.0,83.7,73.2,56.6,52.5
2024,Nordeste,Rural,Municipal,13.9,8.1,22.9,1.7,3.2,8.3,11.6,15.4,22.2,23.2,23.6,22.8,69.4,66.3,68.9,72.4,76.2
2024,Nordeste,Total,Privada,7.0,6.6,7.8,3.4,5.1,7.7,9.0,8.2,8.4,7.7,7.6,7.3,7.7,8.8,7.4,6.4,39.3
2024,Nordeste,Urbana,Privada,7.0,6.6,7.7,3.4,5.1,7.7,9.0,8.1,8.4,7.6,7.5,7.2,7.1,8.2,6.9,5.9,73.0
2024,Nordeste,Rural,Privada,9.5,7.0,14.2,2.5,4.8,8.8,9.1,11.0,11.8,15.1,14.4,15.4,28.1,29.6,25.8,29.1,27.2
2024,Nordeste,Total,Pública,15.9,9.6,23.0,2.2,4.6,10.2,13.7,16.4,23.0,23.5,23.5,22.0,23.9,25.4,23.1,22.6,34.8
2024,Nordeste,Urbana,Pública,16.4,10.1,22.9,2.4,5.2,10.9,14.4,16.6,23.1,23.5,23.3,21.5,23.4,25.0,22.7,22.1,34.2
2024,Nordeste,Rural,Pública,14.4,8.4,23.4,1.8,3.4,8.5,12.0,15.9,22.6,23.6,24.0,23.4,28.7,29.9,27.5,28.3,41.9
2024,Sudeste,Total,Total,7.5,4.9,10.6,1.6,3.4,5.9,6.6,6.9,9.6,10.6,11.4,11.1,13.9,17.1,13.9,10.1,27.0
2024,Sudeste,Urbana,Total,7.4,4.8,10.5,1.6,3.3,5.8,6.5,6.7,9.4,10.4,11.2,10.9,13.9,17.1,13.9,10.0,28.2
2024,Sudeste,Rural,Total,10.0,6.7,16.0,2.3,5.0,7.5,9.2,9.5,15.4,15.9,16.8,16.0,16.0,18.5,15.4,13.4,13.5
2024,Sudeste,Total,Federal,11.0,4.8,14.8,2.4,3.7,5.4,6.6,5.3,10.4,15.6,15.7,16.9,16.4,16.4,16.1,16.4,21.2
2024,Sudeste,Urbana,Federal,11.0,4.8,14.8,2.4,3.7,5.4,6.6,5.3,10.4,15.6,15.7,16.9,16.6,16.5,16.4,16.3,21.3
2024,Sudeste,Rural,Federal,--,--,--,--,--,--,--,--,--,--,--,--,15.5,15.5,14.3,16.7,18.8
2024,Sudeste,Total,Estadual,8.7,3.3,10.6,1.1,2.2,4.3,4.2,4.5,8.7,9.9,11.6,12.4,15.6,19.5,15.6,11.1,23.1
2024,Sudeste,Urbana,Estadual,8.6,3.3,10.6,1.1,2.2,4.3,4.2,4.4,8.6,9.9,11.6,12.3,15.6,19.5,15.6,11.0,23.1
2024,Sudeste,Rural,Estadual,10.8,3.8,13.2,1.5,1.7,4.5,4.5,6.3,11.6,11.6,14.7,14.9,16.4,19.6,15.9,13.1,--
2024,Sudeste,Total,Municipal,8.5,5.9,15.1,1.7,3.9,7.0,8.1,8.6,14.8,16.0,15.8,13.5,8.9,10.1,8.9,7.8,8.1
2024,Sudeste,Urbana,Municipal,8.4,5.8,14.9,1.6,3.8,7.0,8.0,8.5,14.6,15.8,15.7,13.3,8.9,10.1,8.9,7.8,8.1
2024,Sudeste,Rural,Municipal,10.0,7.0,18.5,2.4,5.2,7.9,9.7,9.9,18.2,19.1,18.9,17.5,10.1,8.5,12.0,9.7,--
2024,Sudeste,Total,Privada,3.4,3.1,3.8,1.9,2.7,3.5,4.0,3.4,3.4,3.7,3.9,4.3,5.1,5.7,5.1,4.3,54.0
2024,Sudeste,Urbana,Privada,3.4,3.1,3.8,1.9,2.6,3.5,4.0,3.4,3.4,3.7,3.9,4.3,5.0,5.6,5.0,4.2,69.1
2024,Sudeste,Rural,Privada,5.6,4.5,7.0,2.0,5.0,5.2,5.6,4.8,6.0,6.8,7.9,7.4,12.6,13.8,12.1,11.5,11.6
2024,Sudeste,Total,Pública,8.5,5.4,12.4,1.6,3.6,6.5,7.4,7.8,11.2,12.4,13.3,12.8,15.6,19.3,15.6,11.2,19.8
2024,Sudeste,Urbana,Pública,8.5,5.3,12.3,1.5,3.5,6.5,7.3,7.7,11.0,12.2,13.2,12.7,15.6,19.3,15.6,11.1,19.8
2024,Sudeste,Rural,Pública,10.2,6.7,16.5,2.3,5.0,7.6,9.3,9.6,15.8,16.4,17.3,16.5,16.3,19.0,15.7,13.6,18.8
2024,Sul,Total,Total,9.3,5.8,13.9,1.2,3.4,6.8,8.6,9.2,12.4,14.3,15.0,14.1,16.0,20.0,15.2,11.1,23.9
2024,Sul,Urbana,Total,9.3,5.8,13.7,1.2,3.4,6.8,8.5,9.1,12.2,14.1,14.8,13.8,16.0,20.0,15.2,11.0,23.3
2024,Sul,Rural,Total,10.1,6.2,16.7,1.8,3.3,6.9,9.2,9.9,14.5,16.8,17.9,18.0,16.7,18.8,16.0,13.6,35.4
2024,Sul,Total,Federal,11.8,0.9,14.3,0.0,1.1,1.0,2.2,0.0,6.7,13.0,18.9,16.9,18.0,17.8,16.0,16.4,31.7
2024,Sul,Urbana,Federal,11.8,0.9,14.3,0.0,1.1,1.0,2.2,0.0,6.7,13.0,18.9,16.9,18.6,18.5,16.4,17.0,30.6
2024,Sul,Rural,Federal,--,--,--,--,--,--,--,--,--,--,--,--,14.5,12.9,13.7,13.2,49.4
2024,Sul,Total,Estadual,12.8,7.6,14.6,1.4,4.7,8.8,9.7,12.0,12.5,14.9,15.7,15.4,18.0,22.5,17.1,12.4,20.7
2024,Sul,Urbana,Estadual,12.8,7.6,14.5,1.4,4.6,8.9,9.7,12.0,12.5,14.8,15.6,15.2,18.0,22.6,17.1,12.4,20.6
2024,Sul,Rural,Estadual,13.1,7.7,15.8,2.0,5.8,8.3,9.7,12.2,12.7,15.8,16.9,17.8,17.3,20.2,16.6,13.9,24.9
2024,Sul,Total,Municipal,9.2,6.3,18.1,1.2,3.5,7.4,9.7,10.1,16.9,18.6,19.5,17.2,34.1,35.3,27.0,33.0,66.0
2024,Sul,Urbana,Municipal,9.2,6.4,18.1,1.1,3.6,7.5,9.7,10.1,16.9,18.7,19.5,17.1,33.6,34.2,25.5,34.4,61.4
2024,Sul,Rural,Municipal,9.0,5.9,18.0,1.8,2.9,6.7,9.2,9.5,16.6,18.1,19.3,18.4,36.6,41.7,33.1,24.6,100.0
2024,Sul,Total,Privada,2.1,1.7,2.6,1.3,1.2,1.7,2.2,1.9,2.2,2.5,2.7,3.0,3.7,4.0,4.2,2.8,23.9
2024,Sul,Urbana,Privada,2.1,1.7,2.6,1.3,1.2,1.7,2.2,1.9,2.2,2.5,2.7,3.0,3.7,4.0,4.1,2.7,23.9
2024,Sul,Rural,Privada,2.9,2.0,4.3,0.0,0.4,2.4,4.8,3.5,3.4,2.0,5.6,5.9,7.1,6.3,8.6,6.3,--
2024,Sul,Total,Pública,10.6,6.6,15.8,1.2,3.7,7.7,9.7,10.5,14.1,16.2,17.0,15.9,18.0,22.4,17.1,12.7,23.9
2024,Sul,Urbana,Pública,10.6,6.6,15.7,1.2,3.8,7.7,9.7,10.5,14.0,16.1,16.9,15.8,18.1,22.5,17.1,12.6,23.3
2024,Sul,Rural,Pública,10.2,6.2,16.9,1.9,3.3,7.0,9.2,9.9,14.6,16.9,18.0,18.1,17.1,19.4,16.4,13.9,35.4
2024,Centro-Oeste,Total,Total,9.9,7.2,13.5,2.3,4.5,8.5,9.8,10.8,12.8,13.7,13.5,14.0,15.0,17.2,15.2,11.6,74.1
2024,Centro-Oeste,Urbana,Total,9.6,6.9,13.0,2.3,4.3,8.2,9.5,10.3,12.3,13.3,13.0,13.6,14.7,16.9,15.0,11.1,77.2
2024,Centro-Oeste,Rural,Total,14.3,10.3,20.5,3.0,7.3,11.5,13.5,16.1,20.4,19.9,20.6,21.0,21.8,22.3,21.3,21.3,57.1
2024,Centro-Oeste,Total,Federal,5.8,10.4,5.3,0.0,14.6,16.3,13.3,5.2,2.9,6.7,5.0,6.1,15.4,12.8,13.0,20.5,43.2
2024,Centro-Oeste,Urbana,Federal,5.8,10.4,5.3,0.0,14.6,16.3,13.3,5.2,2.9,6.7,5.0,6.1,15.1,12.4,12.9,19.7,43.2
2024,Centro-Oeste,Rural,Federal,--,--,--,--,--,--,--,--,--,--,--,--,16.7,14.2,13.4,24.1,--
2024,Centro-Oeste,Total,Estadual,13.3,10.4,14.2,4.3,4.1,12.6,13.1,15.5,12.8,14.3,14.1,15.4,16.8,19.3,17.1,12.7,89.8
2024,Centro-Oeste,Urbana,Estadual,13.3,10.3,14.1,4.4,3.7,12.6,13.1,15.5,12.6,14.3,14.0,15.2,16.5,19.0,16.9,12.3,99.7
2024,Centro-Oeste,Rural,Estadual,14.1,11.1,16.1,3.5,7.4,13.3,13.5,16.2,15.0,15.0,15.5,18.9,23.4,24.6,23.4,20.9,57.1
2024,Centro-Oeste,Total,Municipal,9.7,7.8,18.8,2.1,5.3,9.1,10.8,11.8,17.5,19.7,20.1,18.5,11.3,13.2,8.6,11.3,--
2024,Centro-Oeste,Urbana,Municipal,9.2,7.5,17.6,2.0,5.1,8.9,10.5,11.3,16.2,18.6,18.7,17.1,10.6,12.2,8.0,11.6,--
2024,Centro-Oeste,Rural,Municipal,14.6,10.2,25.9,2.8,7.3,11.2,13.6,16.3,25.7,25.8,27.2,24.7,13.1,15.8,10.9,10.4,--
2024,Centro-Oeste,Total,Privada,3.3,2.6,4.4,1.8,1.8,2.8,3.5,3.0,6.1,3.6,3.7,3.9,4.3,5.2,4.4,3.0,0.0
2024,Centro-Oeste,Urbana,Privada,3.3,2.6,4.4,1.8,1.8,2.8,3.5,3.0,6.1,3.6,3.7,3.9,4.1,5.0,4.2,2.7,0.0
2024,Centro-Oeste,Rural,Privada,5.4,2.2,8.0,2.4,0.6,1.6,2.2,4.0,5.6,7.6,8.5,9.0,16.8,15.4,16.5,18.8,--
2024,Centro-Oeste,Total,Pública,11.3,8.2,15.2,2.4,5.1,9.7,11.2,12.5,14.2,15.6,15.3,15.9,16.8,19.0,16.9,13.1,74.8
2024,Centro-Oeste,Urbana,Pública,11.0,8.0,14.8,2.4,4.9,9.5,11.0,12.1,13.7,15.2,14.8,15.4,16.5,18.8,16.7,12.6,78.1
2024,Centro-Oeste,Rural,Pública,14.4,10.4,20.7,3.0,7.3,11.6,13.6,16.2,20.5,20.2,20.9,21.3,22.1,22.6,21.5,21.4,57.1
2024,Rondônia,Total,Total,9.1,6.0,12.7,1.3,4.4,7.7,9.1,8.4,10.9,12.0,13.2,14.6,15.1,19.5,13.2,11.5,13.6
2024,Rondônia,Urbana,Total,8.2,5.4,11.3,1.2,4.3,7.2,7.7,7.1,9.4,10.5,11.7,13.3,14.6,19.1,12.7,10.6,--
2024,Rondônia,Rural,Total,14.8,9.4,22.7,1.8,5.4,10.1,15.9,15.7,21.1,21.5,24.2,23.9,23.9,24.8,21.9,26.4,13.6
2024,Rondônia,Total,Federal,--,--,--,--,--,--,--,--,--,--,--,--,8.5,7.8,7.4,10.9,--
2024,Rondônia,Urbana,Federal,--,--,--,--,--,--,--,--,--,--,--,--,8.2,7.6,7.4,9.9,--
2024,Rondônia,Rural,Federal,--,--,--,--,--,--,--,--,--,--,--,--,9.5,8.4,7.3,14.1,--
2024,Rondônia,Total,Estadual,13.0,9.2,13.4,2.3,4.6,8.6,14.7,11.9,11.3,12.6,13.9,15.6,16.4,21.4,14.3,12.2,--
2024,Rondônia,Urbana,Estadual,11.5,4.9,12.2,1.0,3.4,5.9,6.8,5.9,10.1,11.3,12.6,14.4,15.7,20.8,13.6,11.2,--
2024,Rondônia,Rural,Estadual,35.8,32.1,37.4,9.5,11.4,23.4,43.8,65.0,32.9,36.2,39.4,40.7,36.1,37.7,32.8,38.3,--
2024,Rondônia,Total,Municipal,7.6,6.4,16.0,1.4,4.9,8.5,9.5,9.0,15.7,15.1,16.5,17.0,--,--,--,--,--
2024,Rondônia,Urbana,Municipal,6.5,6.1,13.4,1.4,4.8,8.3,8.9,8.4,13.9,13.6,11.5,13.9,--,--,--,--,--
2024,Rondônia,Rural,Municipal,10.9,7.6,17.5,1.4,5.2,9.2,12.1,11.8,17.3,16.1,18.6,18.0,--,--,--,--,--
2024,Rondônia,Total,Privada,1.8,1.3,2.4,0.5,1.2,1.6,2.1,1.5,1.8,2.2,3.0,2.7,5.3,6.1,5.1,3.7,13.6
2024,Rondônia,Urbana,Privada,1.7,1.4,2.3,0.5,1.2,1.6,2.1,1.5,1.7,2.0,2.8,2.7,4.1,5.1,3.8,2.9,--
2024,Rondônia,Rural,Privada,2.3,0.7,3.8,0.0,0.0,0.7,1.4,1.3,2.2,4.0,5.6,3.1,10.7,11.0,10.9,8.5,13.6
2024,Rondônia,Total,Pública,10.0,6.7,13.8,1.4,4.9,8.5,10.1,9.4,12.1,13.0,14.2,15.8,15.9,20.5,13.8,12.1,--
2024,Rondônia,Urbana,Pública,9.0,6.0,12.3,1.3,4.7,8.1,8.6,8.0,10.5,11.5,12.6,14.4,15.3,20.0,13.3,11.1,--
2024,Rondônia,Rural,Pública,15.4,9.8,23.9,1.9,5.6,10.4,16.5,16.4,22.3,22.5,25.4,25.5,27.5,28.1,24.7,30.4,--
2024,Acre,Total,Total,20.1,15.7,26.0,5.1,13.0,17.9,19.8,21.9,26.3,24.9,25.9,27.1,25.0,27.7,24.6,21.6,--
2024,Acre,Urbana,Total,13.6,10.9,17.1,3.0,8.7,12.8,14.1,15.6,18.2,15.9,16.5,18.1,19.2,21.9,18.8,15.9,--
2024,Acre,Rural,Total,33.8,25.6,44.6,9.6,21.6,28.8,32.0,35.0,42.1,43.3,46.1,47.9,44.2,45.7,43.5,42.6,--
2024,Acre,Total,Federal,8.7,2.5,12.8,0.0,0.0,0.0,4.2,8.0,2.0,21.7,14.3,19.0,10.2,10.5,9.6,10.7,--
2024,Acre,Urbana,Federal,8.7,2.5,12.8,0.0,0.0,0.0,4.2,8.0,2.0,21.7,14.3,19.0,10.4,11.7,9.6,9.7,--
2024,Acre,Rural,Federal,--,--,--,--,--,--,--,--,--,--,--,--,9.7,7.4,9.5,13.7,--
2024,Acre,Total,Estadual,21.7,15.7,25.4,6.1,13.5,17.4,18.9,21.4,25.9,24.2,25.5,26.3,27.2,30.0,27.1,23.4,--
2024,Acre,Urbana,Estadual,14.4,10.0,17.3,2.6,8.4,11.2,13.2,13.9,18.3,16.1,16.7,18.0,21.0,23.9,20.7,17.3,--
2024,Acre,Rural,Estadual,39.8,31.0,44.9,16.2,26.1,34.3,34.7,40.9,42.9,43.2,46.6,47.8,46.4,48.0,45.8,44.3,--
2024,Acre,Total,Municipal,20.2,17.0,39.3,4.9,13.9,19.7,22.3,24.1,37.4,37.6,39.7,44.2,--,--,--,--,--
2024,Acre,Urbana,Municipal,14.9,13.2,31.8,3.7,10.4,15.9,16.9,19.1,33.2,27.0,31.8,36.8,--,--,--,--,--
2024,Acre,Rural,Municipal,27.4,23.0,43.6,6.7,19.2,25.9,30.6,31.8,39.7,43.8,44.2,48.3,--,--,--,--,--
2024,Acre,Total,Privada,2.3,2.1,2.7,0.5,1.1,2.5,2.6,3.5,2.5,3.1,1.5,3.9,4.4,3.2,4.8,5.3,--
2024,Acre,Urbana,Privada,2.3,2.1,2.7,0.5,1.1,2.5,2.6,3.5,2.5,3.1,1.5,3.9,4.4,3.2,4.8,5.3,--
2024,Acre,Total,Pública,21.1,16.4,27.2,5.3,13.7,18.7,20.8,22.9,27.4,26.0,27.2,28.3,26.3,29.0,26.0,22.7,--
2024,Acre,Urbana,Pública,14.5,11.7,18.3,3.2,9.4,13.6,15.1,16.6,19.3,16.9,17.8,19.2,20.4,23.2,20.1,16.9,--
2024,Acre,Rural,Pública,33.8,25.6,44.6,9.6,21.6,28.8,32.0,35.0,42.1,43.3,46.1,47.9,44.2,45.7,43.5,42.6,--
2024,Amazonas,Total,Total,14.2,9.3,20.5,3.3,6.1,10.8,11.0,14.8,19.2,20.4,21.3,21.0,27.1,28.3,27.6,24.8,--
2024,Amazonas,Urbana,Total,11.6,7.9,16.2,3.0,5.6,9.4,9.2,11.9,15.6,16.6,16.8,15.9,22.1,24.5,22.7,18.4,--
2024,Amazonas,Rural,Total,22.4,13.6,34.1,4.1,7.8,15.0,16.9,23.4,30.7,32.6,36.1,37.9,50.5,48.1,50.4,53.2,--
2024,Amazonas,Total,Federal,6.8,--,6.8,--,--,--,--,--,6.9,6.6,4.7,9.2,14.0,14.3,12.9,14.8,--
2024,Amazonas,Urbana,Federal,6.8,--,6.8,--,--,--,--,--,6.9,6.6,4.7,9.2,14.2,14.5,13.1,14.9,--
2024,Amazonas,Rural,Federal,--,--,--,--,--,--,--,--,--,--,--,--,13.0,13.3,11.6,14.2,--
2024,Amazonas,Total,Estadual,11.9,5.5,15.5,0.7,2.8,7.2,6.8,8.0,15.1,15.3,16.0,15.7,28.7,30.0,29.2,26.3,--
2024,Amazonas,Urbana,Estadual,11.0,5.1,14.5,0.6,2.6,6.9,6.4,7.4,14.2,14.4,14.7,14.6,23.5,26.0,24.1,19.4,--
2024,Amazonas,Rural,Estadual,25.3,13.6,29.6,3.0,8.8,13.9,16.7,19.4,27.8,27.0,33.3,30.0,51.5,49.2,51.5,54.3,--
2024,Amazonas,Total,Municipal,16.4,10.9,26.3,3.9,7.3,12.4,12.9,17.9,23.9,26.0,27.9,28.1,--,--,--,--,--
2024,Amazonas,Urbana,Municipal,13.2,9.6,20.6,3.8,7.1,11.1,11.0,15.0,19.2,21.3,22.1,20.1,--,--,--,--,--
2024,Amazonas,Rural,Municipal,22.2,13.6,34.8,4.1,7.8,15.1,16.9,23.6,31.0,33.3,36.6,39.2,--,--,--,--,--
2024,Amazonas,Total,Privada,4.7,4.2,5.8,2.2,3.0,5.3,5.0,5.8,5.1,5.8,6.1,6.1,5.9,6.5,5.9,4.9,--
2024,Amazonas,Urbana,Privada,4.7,4.2,5.8,2.2,3.1,5.3,5.0,5.8,5.1,5.8,6.1,6.2,5.8,6.5,5.9,4.9,--
2024,Amazonas,Rural,Privada,3.8,3.5,4.0,0.0,0.0,7.7,0.0,10.5,8.7,3.3,6.3,0.0,7.5,10.5,6.8,4.0,--
2024,Amazonas,Total,Pública,15.0,9.8,21.5,3.4,6.5,11.4,11.6,15.5,20.2,21.4,22.4,22.0,28.2,29.5,28.7,25.9,--
2024,Amazonas,Urbana,Pública,12.3,8.4,17.2,3.1,6.0,10.0,9.7,12.6,16.5,17.6,17.8,16.8,23.2,25.6,23.8,19.2,--
2024,Amazonas,Rural,Pública,22.4,13.6,34.2,4.1,7.8,15.0,16.9,23.4,30.7,32.6,36.1,37.9,50.6,48.2,50.6,53.4,--
2024,Roraima,Total,Total,17.8,14.6,22.4,11.6,11.1,15.9,15.4,19.6,21.4,22.1,22.5,23.7,21.2,25.5,25.0,12.3,83.3
2024,Roraima,Urbana,Total,16.5,13.9,20.2,12.8,10.3,14.2,14.3,18.0,20.2,20.0,19.7,20.8,18.1,22.8,22.6,8.6,--
2024,Roraima,Rural,Total,21.7,16.8,29.2,7.7,13.2,20.3,18.4,24.1,25.3,28.4,30.9,33.3,32.5,34.7,32.5,29.0,83.3
2024,Roraima,Total,Federal,2.5,0.8,3.6,0.0,0.0,0.0,4.2,0.0,4.2,4.0,0.0,6.0,15.9,18.5,8.7,16.0,--
2024,Roraima,Urbana,Federal,2.5,0.8,3.6,0.0,0.0,0.0,4.2,0.0,4.2,4.0,0.0,6.0,9.0,9.4,12.3,6.2,--
2024,Roraima,Rural,Federal,--,--,--,--,--,--,--,--,--,--,--,--,24.4,30.9,5.5,28.5,--
2024,Roraima,Total,Estadual,23.5,23.3,23.5,14.4,19.7,27.8,23.3,29.4,22.7,23.1,23.4,24.9,22.3,27.0,26.5,12.6,--
2024,Roraima,Urbana,Estadual,21.6,100.0,21.5,100.0,--,--,--,100.0,21.7,21.3,20.9,22.2,19.2,24.7,23.9,9.0,--
2024,Roraima,Rural,Estadual,26.5,23.0,29.3,12.8,19.7,27.8,23.3,29.4,25.4,28.2,30.8,33.7,33.2,35.0,34.3,29.0,--
2024,Roraima,Total,Municipal,14.7,14.2,25.2,11.9,10.5,14.7,15.2,19.4,21.1,27.5,31.5,27.8,--,--,--,--,--
2024,Roraima,Urbana,Municipal,15.1,14.9,23.5,13.4,11.1,15.2,15.4,19.5,20.3,25.8,29.7,28.1,--,--,--,--,--
2024,Roraima,Rural,Municipal,12.4,11.1,28.6,3.6,7.4,12.2,14.0,18.9,24.0,30.2,33.3,27.6,--,--,--,--,--
2024,Roraima,Total,Privada,3.2,2.8,3.9,3.3,1.0,4.2,3.1,2.1,3.0,4.2,4.4,4.1,7.1,6.6,9.4,4.4,83.3
2024,Roraima,Urbana,Privada,3.2,2.8,3.9,3.3,1.0,4.2,3.1,2.1,3.0,4.2,4.4,4.1,6.2,5.5,9.1,4.2,--
2024,Roraima,Rural,Privada,--,--,--,--,--,--,--,--,--,--,--,--,63.6,75.0,66.7,20.0,83.3
2024,Roraima,Total,Pública,18.7,15.4,23.5,12.1,11.7,16.7,16.3,20.8,22.4,23.3,23.6,24.9,22.0,26.5,25.9,12.8,--
2024,Roraima,Urbana,Pública,17.6,14.9,21.5,13.6,11.1,15.2,15.4,19.5,21.4,21.4,21.0,22.2,18.9,23.9,23.7,8.9,--
2024,Roraima,Rural,Pública,21.7,16.8,29.2,7.7,13.2,20.3,18.4,24.1,25.3,28.4,30.9,33.3,32.4,34.6,32.4,29.0,--
2024,Pará,Total,Total,21.5,14.0,30.8,3.0,6.2,14.7,19.6,24.6,30.8,31.3,30.6,30.4,31.1,31.3,31.3,30.4,69.0
2024,Pará,Urbana,Total,18.0,11.9,25.3,2.7,6.0,12.8,17.1,19.5,24.9,26.2,25.4,24.3,28.5,29.0,28.8,27.5,69.0
2024,Pará,Rural,Total,28.6,18.0,42.8,3.5,6.6,18.1,24.6,33.8,42.8,42.5,42.2,44.1,42.1,46.9,38.7,43.8,--
2024,Pará,Total,Federal,5.5,2.9,6.6,1.0,0.0,2.6,4.7,4.7,2.5,8.2,7.8,7.4,17.6,15.2,17.8,20.4,--
2024,Pará,Urbana,Federal,5.5,2.9,6.6,1.0,0.0,2.6,4.7,4.7,2.5,8.2,7.8,7.4,16.8,14.6,17.0,19.6,--
2024,Pará,Rural,Federal,--,--,--,--,--,--,--,--,--,--,--,--,38.8,35.0,41.1,40.9,--
2024,Pará,Total,Estadual,25.1,15.2,28.8,6.4,11.1,15.7,20.1,18.6,25.8,29.5,30.0,29.4,33.6,34.1,33.6,33.1,69.0
2024,Pará,Urbana,Estadual,24.3,15.2,28.1,6.3,11.2,15.7,20.2,18.4,24.6,28.9,29.5,28.6,31.4,31.8,31.7,30.5,69.0
2024,Pará,Rural,Estadual,34.1,17.3,35.4,11.1,8.2,17.8,18.2,27.0,35.9,35.4,34.8,35.7,42.2,47.6,38.8,43.7,--
2024,Pará,Total,Municipal,23.0,15.1,34.4,3.0,6.4,15.8,21.3,27.1,34.7,34.7,34.0,34.0,27.8,30.3,21.6,32.7,--
2024,Pará,Urbana,Municipal,19.3,13.1,28.3,2.7,6.3,14.2,18.9,22.2,28.8,29.2,28.1,26.5,23.8,17.9,18.4,32.7,--
2024,Pará,Rural,Municipal,28.4,18.1,43.3,3.5,6.6,18.1,24.7,33.9,43.1,42.9,42.7,44.8,100.0,100.0,100.0,--,--
2024,Pará,Total,Privada,5.5,4.5,7.0,1.7,2.9,4.7,6.5,6.7,6.7,7.3,6.6,7.4,6.9,7.7,6.8,6.1,--
2024,Pará,Urbana,Privada,5.5,4.5,6.9,1.7,2.9,4.7,6.5,6.7,6.6,7.1,6.5,7.3,6.2,7.3,6.1,5.0,--
2024,Pará,Rural,Privada,12.3,3.7,20.5,0.0,1.4,1.6,4.5,10.0,8.1,30.8,24.0,17.9,31.0,19.2,30.3,49.3,--
2024,Pará,Total,Pública,23.2,15.1,33.2,3.1,6.6,15.8,21.2,26.6,33.3,33.7,33.1,32.9,33.2,33.5,33.2,32.8,69.0
2024,Pará,Urbana,Pública,20.1,13.3,28.1,2.9,6.7,14.3,19.0,21.8,27.8,29.1,28.4,27.1,30.9,31.3,31.2,30.1,69.0
2024,Pará,Rural,Pública,28.6,18.1,42.9,3.5,6.6,18.1,24.7,33.9,42.8,42.5,42.2,44.2,42.2,47.5,38.8,43.7,--
2024,Amapá,Total,Total,22.6,17.3,30.0,6.0,9.8,19.4,23.4,26.8,32.2,30.6,28.9,27.8,32.0,37.6,29.9,25.9,--
2024,Amapá,Urbana,Total,20.4,15.2,27.3,5.4,9.2,17.7,20.6,22.3,29.5,27.9,25.9,25.6,29.8,35.7,27.6,23.7,--
2024,Amapá,Rural,Total,31.1,24.5,43.4,7.8,12.1,25.4,32.9,41.3,44.9,44.4,44.1,39.2,46.9,49.9,46.2,42.3,--
2024,Amapá,Total,Federal,--,--,--,--,--,--,--,--,--,--,--,--,14.5,10.3,12.8,23.3,--
2024,Amapá,Urbana,Federal,--,--,--,--,--,--,--,--,--,--,--,--,14.5,10.3,12.8,23.3,--
2024,Amapá,Total,Estadual,29.6,24.0,32.2,9.2,13.2,24.8,31.2,36.0,33.9,32.5,31.4,30.3,35.3,41.7,33.2,28.1,--
2024,Amapá,Urbana,Estadual,26.7,19.1,29.6,7.1,11.0,20.3,25.6,27.5,31.1,29.8,28.9,28.4,33.4,40.3,31.1,26.0,--
2024,Amapá,Rural,Estadual,39.0,33.9,43.3,13.4,18.0,34.0,42.4,51.6,45.2,44.6,43.1,39.1,46.9,50.1,45.9,42.6,--
2024,Amapá,Total,Municipal,17.8,16.4,36.2,5.6,9.7,19.5,22.3,25.6,40.3,38.6,32.3,29.9,--,--,--,--,--
2024,Amapá,Urbana,Municipal,17.6,16.1,35.3,5.8,10.0,19.5,21.5,23.8,40.7,38.6,27.3,29.3,--,--,--,--,--
2024,Amapá,Rural,Municipal,18.9,17.8,42.9,4.8,8.4,19.1,25.3,32.4,36.7,38.4,58.8,34.2,--,--,--,--,--
2024,Amapá,Total,Privada,3.6,2.8,4.7,0.9,1.6,2.5,5.1,4.0,5.9,3.7,4.2,5.0,7.3,7.5,8.4,5.7,--
2024,Amapá,Urbana,Privada,3.2,2.8,3.7,0.9,1.6,2.5,5.1,4.0,5.0,2.9,3.3,3.7,4.4,4.3,4.9,3.9,--
2024,Amapá,Rural,Privada,56.7,--,56.7,--,--,--,--,--,54.2,47.6,57.1,66.7,46.1,46.7,51.4,36.4,--
2024,Amapá,Total,Pública,24.5,18.8,32.5,6.5,10.7,21.1,25.3,29.2,34.4,33.0,31.5,30.3,34.3,40.1,32.1,27.9,--
2024,Amapá,Urbana,Pública,22.7,16.9,30.1,6.1,10.3,19.7,22.7,24.9,32.0,30.5,28.8,28.5,32.3,38.4,30.0,25.9,--
2024,Amapá,Rural,Pública,31.0,24.5,43.2,7.8,12.1,25.4,32.9,41.3,44.8,44.3,43.9,38.9,46.9,50.1,45.9,42.6,--
2024,Tocantins,Total,Total,8.8,4.9,13.3,1.4,2.7,6.0,6.9,7.6,10.2,12.3,14.5,16.0,17.6,18.0,18.8,15.7,--
2024,Tocantins,Urbana,Total,8.0,4.5,12.1,1.2,2.6,5.3,6.4,7.0,9.0,11.4,13.3,14.7,16.7,17.1,18.1,14.6,--
2024,Tocantins,Rural,Total,14.6,8.1,22.3,3.1,3.9,10.5,10.9,12.6,19.5,19.5,23.6,26.3,27.3,27.6,26.7,27.5,--
2024,Tocantins,Total,Federal,--,--,--,--,--,--,--,--,--,--,--,--,10.8,8.9,11.2,13.2,--
2024,Tocantins,Urbana,Federal,--,--,--,--,--,--,--,--,--,--,--,--,9.8,8.2,9.7,12.6,--
2024,Tocantins,Rural,Federal,--,--,--,--,--,--,--,--,--,--,--,--,13.5,11.0,15.4,15.0,--
2024,Tocantins,Total,Estadual,14.4,12.2,14.5,10.0,10.7,17.2,10.9,11.3,10.2,12.8,15.9,18.0,18.9,19.5,20.2,16.6,--
2024,Tocantins,Urbana,Estadual,13.3,4.2,13.5,0.0,0.0,2.8,2.6,5.5,9.2,12.1,14.9,16.8,17.9,18.4,19.4,15.5,--
2024,Tocantins,Rural,Estadual,22.3,16.3,25.3,10.0,10.7,22.9,16.2,20.4,21.5,20.7,26.5,30.7,30.2,30.4,29.7,30.6,--
2024,Tocantins,Total,Municipal,6.9,4.9,13.6,1.3,2.7,6.0,7.2,8.0,12.2,13.8,14.2,14.4,--,--,--,--,--
2024,Tocantins,Urbana,Municipal,6.3,4.8,11.9,1.3,2.7,5.8,6.9,7.6,10.8,12.6,12.1,12.2,--,--,--,--,--
2024,Tocantins,Rural,Municipal,11.2,6.2,20.5,1.5,2.4,7.4,9.6,11.0,18.7,19.1,22.0,22.6,--,--,--,--,--
2024,Tocantins,Total,Privada,2.7,2.3,3.2,0.8,1.8,2.7,3.6,3.0,2.5,2.8,4.1,3.7,4.7,5.2,5.1,3.7,--
2024,Tocantins,Urbana,Privada,2.7,2.4,3.2,0.8,1.8,2.7,3.7,3.1,2.4,2.6,4.2,3.7,4.7,5.0,5.2,3.9,--
2024,Tocantins,Rural,Privada,2.5,0.9,4.0,0.0,0.0,3.0,0.0,1.5,4.2,7.6,1.1,3.4,5.3,15.8,3.3,0.0,--
2024,Tocantins,Total,Pública,9.5,5.2,14.2,1.5,2.9,6.4,7.4,8.2,11.0,13.2,15.4,17.1,18.5,18.9,19.8,16.5,--
2024,Tocantins,Urbana,Pública,8.7,4.8,13.1,1.3,2.7,5.7,6.8,7.5,9.8,12.3,14.2,15.7,17.5,18.0,19.0,15.4,--
2024,Tocantins,Rural,Pública,14.9,8.3,22.9,3.1,4.0,10.7,11.2,12.9,19.9,19.8,24.3,27.0,27.9,27.7,27.5,28.4,--
2024,Maranhão,Total,Total,13.4,7.5,20.4,2.2,3.8,7.2,10.5,13.3,18.7,20.1,21.4,21.4,23.0,24.4,22.6,21.6,65.6
2024,Maranhão,Urbana,Total,12.3,7.0,18.1,2.0,3.5,7.1,10.2,11.9,17.0,18.1,18.8,18.5,20.8,22.3,20.4,19.3,55.9
2024,Maranhão,Rural,Total,15.5,8.3,24.8,2.6,4.5,7.4,11.0,15.5,21.8,23.9,26.4,27.3,35.2,35.6,34.9,34.9,95.3
2024,Maranhão,Total,Federal,23.9,9.2,31.1,0.0,0.0,5.0,10.0,14.3,31.3,29.3,37.5,25.7,18.0,16.5,17.7,20.4,10.0
2024,Maranhão,Urbana,Federal,23.9,9.2,31.1,0.0,0.0,5.0,10.0,14.3,31.3,29.3,37.5,25.7,17.4,15.4,16.8,20.7,10.0
2024,Maranhão,Rural,Federal,--,--,--,--,--,--,--,--,--,--,--,--,19.8,19.3,20.6,19.7,--
2024,Maranhão,Total,Estadual,32.8,43.1,28.7,20.3,32.9,38.9,47.8,64.0,30.3,29.1,27.7,28.4,23.2,24.8,22.8,21.5,--
2024,Maranhão,Urbana,Estadual,12.7,6.3,13.1,0.8,2.9,3.5,18.1,9.6,8.7,10.7,13.9,15.7,21.4,23.1,21.1,19.7,--
2024,Maranhão,Rural,Estadual,53.2,47.0,59.9,23.0,36.3,43.3,50.0,69.3,58.0,60.9,59.3,61.1,33.3,34.5,32.9,32.2,--
2024,Maranhão,Total,Municipal,14.1,7.5,21.6,1.8,3.6,7.3,10.7,13.6,19.8,21.3,22.7,22.7,89.2,89.1,87.0,91.8,96.7
2024,Maranhão,Urbana,Municipal,13.8,7.7,20.3,1.5,3.5,7.9,11.2,13.4,19.1,20.3,21.1,20.6,87.3,89.1,86.2,80.0,100.0
2024,Maranhão,Rural,Municipal,14.5,7.3,23.8,2.1,3.7,6.4,10.0,13.8,20.9,22.9,25.6,26.2,90.3,89.1,87.5,94.0,95.3
2024,Maranhão,Total,Privada,5.5,4.7,6.9,3.5,3.5,4.6,6.4,6.0,7.0,6.7,6.8,7.0,12.4,12.9,9.7,13.6,84.1
2024,Maranhão,Urbana,Privada,5.5,4.7,6.7,3.6,3.5,4.6,6.4,5.9,6.9,6.4,6.7,6.8,9.6,9.1,7.2,11.3,84.1
2024,Maranhão,Rural,Privada,7.1,5.0,11.5,1.5,3.5,5.9,7.6,8.4,10.4,13.2,11.0,11.4,41.1,41.7,36.8,45.6,--
2024,Maranhão,Total,Pública,14.5,8.0,21.9,2.0,3.9,7.7,11.1,14.4,20.1,21.5,22.9,23.0,23.7,25.2,23.4,22.1,56.1
2024,Maranhão,Urbana,Pública,13.8,7.7,20.0,1.5,3.5,7.8,11.2,13.4,18.9,20.0,20.8,20.4,21.6,23.2,21.3,19.8,32.7
2024,Maranhão,Rural,Pública,15.6,8.4,25.0,2.6,4.5,7.5,11.1,15.6,22.0,24.1,26.6,27.5,35.0,35.3,34.8,34.6,95.3
2024,Piauí,Total,Total,12.4,7.4,18.7,1.8,3.5,7.2,10.7,13.2,17.7,19.0,19.0,19.0,23.8,24.7,23.6,23.0,--
2024,Piauí,Urbana,Total,12.0,7.3,17.5,2.0,3.7,7.3,10.6,12.6,16.8,17.7,17.6,17.7,23.1,24.1,22.9,22.2,--
2024,Piauí,Rural,Total,13.9,7.5,23.0,1.2,2.7,6.9,11.0,15.1,20.9,23.5,23.8,24.0,35.3,34.7,35.6,35.8,--
2024,Piauí,Total,Federal,--,--,--,--,--,--,--,--,--,--,--,--,14.0,13.8,12.7,16.3,--
2024,Piauí,Urbana,Federal,--,--,--,--,--,--,--,--,--,--,--,--,14.0,14.2,13.1,14.9,--
2024,Piauí,Rural,Federal,--,--,--,--,--,--,--,--,--,--,--,--,14.4,10.6,9.8,24.6,--
2024,Piauí,Total,Estadual,18.9,9.7,19.5,5.7,3.6,9.9,10.6,11.3,15.5,17.1,20.7,21.2,25.7,26.7,25.4,24.9,--
2024,Piauí,Urbana,Estadual,18.9,9.7,19.4,5.7,3.6,9.9,10.6,11.3,15.4,17.1,20.7,21.2,25.0,26.0,24.6,24.1,--
2024,Piauí,Rural,Estadual,23.8,--,23.8,--,--,--,--,--,24.4,22.6,26.1,22.9,36.9,36.5,37.5,36.8,--
2024,Piauí,Total,Municipal,13.0,7.6,20.4,1.3,3.1,7.3,11.4,14.2,19.5,21.1,20.6,20.2,--,--,--,--,--
2024,Piauí,Urbana,Municipal,12.7,7.6,19.3,1.3,3.2,7.5,11.5,13.9,19.0,20.2,19.3,18.7,--,--,--,--,--
2024,Piauí,Rural,Municipal,13.9,7.5,23.1,1.2,2.7,6.9,11.0,15.1,20.9,23.6,23.8,24.0,--,--,--,--,--
2024,Piauí,Total,Privada,7.4,6.2,8.9,4.3,5.3,6.4,7.6,7.7,8.5,8.2,8.7,10.5,11.2,11.8,12.1,9.4,--
2024,Piauí,Urbana,Privada,7.4,6.2,9.0,4.3,5.3,6.4,7.6,7.7,8.5,8.2,8.7,10.6,11.2,11.9,12.1,9.5,--
2024,Piauí,Rural,Privada,2.0,--,2.0,--,--,--,--,--,3.6,0.0,0.0,4.2,5.9,3.7,11.8,4.2,--
2024,Piauí,Total,Pública,13.4,7.6,20.3,1.3,3.1,7.3,11.3,14.2,19.3,20.7,20.6,20.4,25.4,26.2,25.0,24.7,--
2024,Piauí,Urbana,Pública,13.2,7.6,19.3,1.3,3.3,7.5,11.5,13.8,18.7,19.7,19.6,19.3,24.7,25.6,24.2,23.9,--
2024,Piauí,Rural,Pública,13.9,7.5,23.1,1.2,2.7,6.9,11.0,15.1,21.0,23.6,23.8,24.0,35.6,35.0,35.8,36.1,--
2024,Ceará,Total,Total,5.3,3.1,8.1,1.1,1.9,3.4,4.5,4.8,6.4,7.6,9.2,9.2,13.2,13.5,13.4,12.5,98.0
2024,Ceará,Urbana,Total,5.8,3.6,8.4,1.3,2.3,3.9,5.1,5.4,6.9,8.0,9.5,9.3,13.2,13.6,13.5,12.5,98.0
2024,Ceará,Rural,Total,3.5,1.3,6.5,0.4,0.6,1.3,1.9,2.5,4.1,6.0,7.8,8.4,12.3,12.8,11.9,12.1,--
2024,Ceará,Total,Federal,10.2,--,10.2,--,--,--,--,--,1.2,7.6,13.0,15.6,18.9,17.7,16.4,23.9,--
2024,Ceará,Urbana,Federal,10.2,--,10.2,--,--,--,--,--,1.2,7.6,13.0,15.6,19.1,17.7,16.4,24.5,--
2024,Ceará,Rural,Federal,--,--,--,--,--,--,--,--,--,--,--,--,17.2,17.9,15.8,17.6,--
2024,Ceará,Total,Estadual,10.5,3.1,13.8,0.3,2.6,2.0,3.7,6.6,11.9,10.6,14.4,15.9,13.7,14.1,13.9,13.0,97.6
2024,Ceará,Urbana,Estadual,10.8,1.9,13.1,0.7,1.8,0.8,1.8,4.3,11.4,10.0,12.5,15.7,13.8,14.2,14.1,13.1,97.6
2024,Ceará,Rural,Estadual,9.8,4.2,16.1,0.0,3.2,2.9,5.7,8.7,13.1,12.6,20.7,17.3,12.1,12.6,11.8,12.0,--
2024,Ceará,Total,Municipal,5.2,2.6,8.4,0.6,1.3,2.7,3.8,4.4,6.3,8.0,9.7,9.6,--,--,--,--,--
2024,Ceará,Urbana,Municipal,5.8,3.1,9.0,0.7,1.6,3.2,4.5,5.1,7.1,8.6,10.3,9.9,--,--,--,--,--
2024,Ceará,Rural,Municipal,3.4,1.3,6.4,0.4,0.5,1.3,1.9,2.4,3.9,5.9,7.6,8.2,--,--,--,--,--
2024,Ceará,Total,Privada,5.4,5.0,6.1,2.7,4.0,5.6,6.8,6.2,6.2,5.8,6.4,6.2,6.3,6.8,6.6,5.2,100.0
2024,Ceará,Urbana,Privada,5.4,5.0,6.1,2.7,4.0,5.6,6.8,6.2,6.2,5.8,6.4,6.2,6.3,6.8,6.6,5.2,100.0
2024,Ceará,Rural,Privada,2.7,2.7,2.5,2.1,1.1,4.7,3.3,3.0,8.0,0.0,0.0,0.0,26.7,25.0,26.1,28.6,--
2024,Ceará,Total,Pública,5.3,2.6,8.5,0.6,1.3,2.7,3.8,4.4,6.4,8.0,9.8,9.7,13.8,14.2,14.0,13.2,97.6
2024,Ceará,Urbana,Pública,5.9,3.1,9.1,0.7,1.6,3.2,4.5,5.1,7.1,8.6,10.3,10.1,13.9,14.3,14.1,13.2,97.6
2024,Ceará,Rural,Pública,3.5,1.3,6.5,0.4,0.6,1.3,1.9,2.5,4.1,6.0,7.8,8.4,12.2,12.7,11.8,12.1,--
2024,Rio Grande do Norte,Total,Total,18.4,10.0,28.9,1.5,2.9,7.0,15.8,20.6,32.0,29.6,27.9,24.9,34.0,38.4,33.7,28.1,25.4
2024,Rio Grande do Norte,Urbana,Total,18.2,9.6,28.1,1.3,2.8,6.9,15.3,19.7,31.2,28.8,27.2,24.4,33.8,38.3,33.5,27.9,25.2
2024,Rio Grande do Norte,Rural,Total,19.1,11.5,33.9,2.6,3.3,7.7,17.7,24.8,37.4,34.6,32.8,28.7,38.4,41.8,39.2,34.0,26.8
2024,Rio Grande do Norte,Total,Federal,0.0,0.0,--,0.0,0.0,0.0,0.0,0.0,--,--,--,--,21.3,20.3,21.2,19.0,25.0
2024,Rio Grande do Norte,Urbana,Federal,0.0,0.0,--,0.0,0.0,0.0,0.0,0.0,--,--,--,--,21.1,19.9,21.1,18.9,24.8
2024,Rio Grande do Norte,Rural,Federal,--,--,--,--,--,--,--,--,--,--,--,--,23.1,23.7,22.4,20.2,26.8
2024,Rio Grande do Norte,Total,Estadual,25.9,12.0,33.6,1.7,4.9,8.3,18.0,21.9,35.7,34.1,33.4,30.9,40.1,44.4,39.5,33.4,--
2024,Rio Grande do Norte,Urbana,Estadual,25.9,12.1,33.4,1.8,4.9,8.5,18.1,21.9,35.3,33.8,33.4,31.0,39.9,44.3,39.3,33.2,--
2024,Rio Grande do Norte,Rural,Estadual,27.5,10.3,36.2,0.4,3.8,4.2,15.4,21.2,41.0,39.3,33.5,30.4,43.8,46.3,44.5,38.7,--
2024,Rio Grande do Norte,Total,Municipal,20.8,11.5,34.4,1.6,2.7,7.5,18.3,24.5,38.0,35.4,32.9,29.2,--,--,--,--,--
2024,Rio Grande do Norte,Urbana,Municipal,21.5,11.5,34.5,1.2,2.5,7.4,18.4,24.3,38.2,35.7,32.9,29.4,--,--,--,--,--
2024,Rio Grande do Norte,Rural,Municipal,18.8,11.7,33.9,2.7,3.3,7.8,18.0,25.1,37.3,34.4,33.0,28.8,--,--,--,--,--
2024,Rio Grande do Norte,Total,Privada,6.6,5.2,8.8,1.3,2.6,5.4,8.2,8.8,10.2,8.6,8.6,7.7,7.7,8.2,7.2,7.2,93.8
2024,Rio Grande do Norte,Urbana,Privada,6.7,5.2,8.8,1.3,2.6,5.4,8.3,8.8,10.2,8.6,8.6,7.7,7.7,8.2,7.3,7.2,93.8
2024,Rio Grande do Norte,Rural,Privada,4.7,3.9,7.1,0.6,1.3,6.1,2.8,10.8,6.6,7.6,10.4,2.2,2.8,0.0,5.3,0.0,--
2024,Rio Grande do Norte,Total,Pública,21.9,11.6,34.1,1.6,3.0,7.6,18.2,24.0,37.3,35.0,33.1,29.8,37.8,42.4,37.7,31.8,25.0
2024,Rio Grande do Norte,Urbana,Pública,22.6,11.6,34.1,1.3,2.9,7.6,18.3,23.8,37.2,35.0,33.0,30.0,37.8,42.4,37.6,31.7,24.8
2024,Rio Grande do Norte,Rural,Pública,19.3,11.6,34.2,2.6,3.3,7.7,17.9,24.9,37.7,34.9,33.1,29.0,38.6,41.9,39.6,34.2,26.8
2024,Paraíba,Total,Total,15.6,9.6,22.9,3.1,6.1,9.9,13.1,15.2,23.0,23.4,23.4,21.6,24.5,27.7,24.1,20.3,17.6
2024,Paraíba,Urbana,Total,16.1,10.1,22.7,3.4,6.7,10.5,13.8,15.7,22.9,23.3,23.1,21.2,24.1,27.3,23.7,19.8,17.6
2024,Paraíba,Rural,Total,12.7,7.2,24.9,1.8,3.7,7.1,9.9,13.2,24.0,24.6,25.8,25.2,34.8,36.7,34.0,32.7,--
2024,Paraíba,Total,Federal,5.9,5.9,--,3.0,0.0,8.3,6.1,11.8,--,--,--,--,9.8,9.2,9.0,11.0,12.6
2024,Paraíba,Urbana,Federal,5.9,5.9,--,3.0,0.0,8.3,6.1,11.8,--,--,--,--,9.5,8.9,8.7,10.8,12.6
2024,Paraíba,Rural,Federal,--,--,--,--,--,--,--,--,--,--,--,--,22.1,21.3,22.4,23.1,--
2024,Paraíba,Total,Estadual,28.4,14.9,31.1,6.4,12.5,13.8,17.2,20.4,31.3,32.0,32.5,29.0,28.7,31.9,28.5,24.1,--
2024,Paraíba,Urbana,Estadual,28.4,14.6,31.1,6.4,12.9,13.6,16.0,20.4,31.4,32.2,32.7,28.7,28.4,31.6,28.1,23.6,--
2024,Paraíba,Rural,Estadual,28.0,17.0,30.9,6.5,10.2,15.3,25.5,20.7,30.5,29.5,31.4,32.2,35.3,37.2,34.5,33.0,--
2024,Paraíba,Total,Municipal,16.6,10.1,25.3,2.4,5.6,10.2,13.9,17.0,25.6,26.0,25.6,23.7,68.3,71.1,67.3,51.5,88.2
2024,Paraíba,Urbana,Municipal,17.8,11.1,25.5,2.7,6.3,11.3,15.3,18.3,26.0,26.3,25.7,23.7,84.8,85.9,85.7,75.0,88.2
2024,Paraíba,Rural,Municipal,11.7,7.0,23.8,1.8,3.6,6.9,9.6,13.1,22.8,23.8,24.9,23.7,29.8,34.6,21.4,29.4,--
2024,Paraíba,Total,Privada,7.5,7.7,7.2,4.5,6.9,8.5,10.4,8.6,8.3,7.4,7.0,5.8,5.8,7.4,5.6,3.8,22.7
2024,Paraíba,Urbana,Privada,7.5,7.7,7.1,4.5,6.9,8.6,10.4,8.6,8.3,7.3,6.9,5.8,5.8,7.4,5.6,3.8,22.7
2024,Paraíba,Rural,Privada,11.9,5.2,22.5,3.0,2.1,7.6,7.4,5.8,18.9,27.4,13.2,31.0,--,--,--,--,--
2024,Paraíba,Total,Pública,18.0,10.2,26.5,2.6,5.9,10.3,14.0,17.2,26.5,27.1,27.1,25.1,27.6,30.6,27.3,23.2,17.2
2024,Paraíba,Urbana,Pública,19.2,11.2,26.7,2.8,6.6,11.4,15.3,18.4,26.9,27.4,27.3,25.1,27.2,30.3,27.0,22.7,17.2
2024,Paraíba,Rural,Pública,12.7,7.2,24.9,1.8,3.7,7.1,9.9,13.2,24.0,24.6,25.9,25.2,34.8,36.7,34.0,32.7,--
2024,Pernambuco,Total,Total,13.1,9.2,17.9,2.8,6.1,10.6,12.0,14.0,17.5,18.7,18.7,16.6,18.0,21.5,17.8,13.6,35.2
2024,Pernambuco,Urbana,Total,13.3,9.5,17.7,3.1,6.6,11.0,12.4,14.0,17.3,18.4,18.6,16.4,17.7,21.1,17.5,13.1,33.0
2024,Pernambuco,Rural,Total,12.0,7.8,19.0,1.7,3.9,8.9,9.9,13.9,18.4,19.9,19.5,18.0,23.3,26.6,21.8,19.9,42.6
2024,Pernambuco,Total,Federal,10.4,--,10.4,--,--,--,--,--,3.6,14.4,11.2,10.8,18.2,17.7,16.2,18.6,25.9
2024,Pernambuco,Urbana,Federal,10.4,--,10.4,--,--,--,--,--,3.6,14.4,11.2,10.8,19.2,18.2,17.5,19.7,27.3
2024,Pernambuco,Rural,Federal,--,--,--,--,--,--,--,--,--,--,--,--,15.2,16.5,12.3,15.8,18.9
2024,Pernambuco,Total,Estadual,19.6,19.2,19.6,6.9,12.8,18.6,26.2,30.8,18.3,20.4,20.7,18.9,19.5,23.3,19.3,14.6,92.7
2024,Pernambuco,Urbana,Estadual,19.2,10.2,19.3,2.4,10.9,12.8,13.1,10.7,17.8,20.1,20.5,18.6,19.1,23.0,19.0,14.1,95.7
2024,Pernambuco,Rural,Estadual,21.8,20.3,22.5,7.4,13.1,19.3,27.8,33.0,22.7,23.0,22.3,22.0,24.3,27.9,22.9,20.5,90.5
2024,Pernambuco,Total,Municipal,14.3,9.9,20.8,2.6,6.0,11.4,12.6,15.6,20.7,21.8,21.8,18.7,20.7,25.0,20.7,14.9,--
2024,Pernambuco,Urbana,Municipal,15.2,10.8,21.4,3.0,6.9,12.4,13.8,16.5,21.4,22.4,22.6,19.1,--,--,--,--,--
2024,Pernambuco,Rural,Municipal,11.1,7.1,18.5,1.3,3.4,8.3,9.0,12.9,17.9,19.4,19.1,17.4,20.7,25.0,20.7,14.9,--
2024,Pernambuco,Total,Privada,7.5,7.3,7.9,3.2,6.2,8.5,10.0,8.9,8.2,7.9,7.9,7.6,6.9,8.3,6.8,5.1,90.9
2024,Pernambuco,Urbana,Privada,7.5,7.2,7.9,3.2,6.1,8.4,9.9,8.8,8.2,7.9,7.9,7.6,6.9,8.3,6.8,5.1,90.9
2024,Pernambuco,Rural,Privada,11.0,11.2,10.7,5.1,9.0,13.4,13.0,15.4,8.3,12.5,10.5,11.7,11.5,14.4,9.7,8.8,--
2024,Pernambuco,Total,Pública,15.0,10.0,20.5,2.6,6.1,11.5,12.8,15.8,20.1,21.4,21.5,18.8,19.4,23.1,19.2,14.7,34.4
2024,Pernambuco,Urbana,Pública,15.8,10.8,20.8,3.0,6.9,12.4,13.8,16.5,20.4,21.7,21.9,18.9,19.1,22.8,19.0,14.2,32.1
2024,Pernambuco,Rural,Pública,12.0,7.7,19.1,1.6,3.8,8.8,9.8,13.9,18.6,20.0,19.6,18.1,23.4,26.8,22.0,20.0,42.6
2024,Alagoas,Total,Total,12.6,7.7,18.5,3.1,4.8,8.4,10.6,11.1,17.3,18.8,19.6,18.6,21.6,24.0,21.0,19.0,31.7
2024,Alagoas,Urbana,Total,13.5,8.6,18.9,3.5,5.5,9.5,12.0,12.4,18.2,18.9,20.0,18.5,21.5,23.9,20.9,18.9,31.8
2024,Alagoas,Rural,Total,9.3,4.7,17.0,1.7,2.9,5.1,6.6,7.2,12.9,18.3,17.9,19.0,23.3,25.6,22.4,20.9,22.2
2024,Alagoas,Total,Federal,--,--,--,--,--,--,--,--,--,--,--,--,16.3,13.6,12.7,22.4,85.7
2024,Alagoas,Urbana,Federal,--,--,--,--,--,--,--,--,--,--,--,--,16.3,13.6,12.7,22.4,85.7
2024,Alagoas,Total,Estadual,24.7,15.0,27.2,9.4,13.3,16.4,17.1,17.5,31.5,26.6,26.4,24.4,24.2,26.9,23.7,20.9,31.1
2024,Alagoas,Urbana,Estadual,25.3,16.5,27.4,10.7,14.7,17.9,19.0,18.8,32.0,26.7,26.7,24.3,24.3,26.9,23.8,20.9,31.2
2024,Alagoas,Rural,Estadual,13.0,3.3,21.8,0.5,2.3,3.0,4.9,5.5,15.1,23.3,20.0,27.7,23.4,25.7,22.5,21.0,22.2
2024,Alagoas,Total,Municipal,12.9,8.1,19.2,3.0,5.1,8.9,11.3,11.9,16.7,19.8,20.9,19.7,--,--,--,--,--
2024,Alagoas,Urbana,Municipal,14.4,9.7,20.0,3.6,6.1,10.6,13.5,14.1,18.0,20.3,21.9,20.0,--,--,--,--,--
2024,Alagoas,Rural,Municipal,9.2,4.8,16.9,1.7,2.9,5.1,6.6,7.3,12.9,18.2,17.9,18.8,--,--,--,--,--
2024,Alagoas,Total,Privada,5.8,4.7,7.5,2.6,2.4,5.2,6.9,6.6,7.3,7.6,7.2,7.7,7.1,8.9,6.7,5.2,--
2024,Alagoas,Urbana,Privada,5.8,4.7,7.5,2.6,2.4,5.2,6.9,6.5,7.3,7.6,7.2,7.7,7.1,8.9,6.7,5.2,--
2024,Alagoas,Rural,Privada,4.4,3.8,5.6,0.9,2.3,2.5,5.9,8.9,3.9,8.3,4.2,6.3,2.9,0.0,6.7,0.0,--
2024,Alagoas,Total,Pública,14.1,8.4,20.7,3.2,5.5,9.2,11.5,12.2,19.3,21.0,21.9,20.7,23.7,26.0,23.0,21.1,31.7
2024,Alagoas,Urbana,Pública,15.9,10.1,21.7,3.9,6.6,11.0,13.8,14.4,20.9,21.7,23.0,21.1,23.7,26.0,23.0,21.1,31.8
2024,Alagoas,Rural,Pública,9.3,4.7,17.0,1.7,2.9,5.1,6.6,7.2,13.0,18.3,18.0,19.1,23.4,25.7,22.5,21.0,22.2
2024,Sergipe,Total,Total,16.3,9.4,24.4,1.9,4.0,9.9,13.9,16.6,25.7,24.6,25.0,21.8,21.7,22.8,21.4,20.4,--
2024,Sergipe,Urbana,Total,15.6,9.0,22.8,2.2,4.6,9.5,13.2,15.0,24.0,23.0,23.8,20.3,21.6,22.7,21.4,20.3,--
2024,Sergipe,Rural,Total,19.0,10.8,31.6,1.1,2.0,11.2,16.2,21.8,33.2,32.2,30.8,29.2,23.4,24.7,22.4,22.7,--
2024,Sergipe,Total,Federal,11.4,--,11.4,--,--,--,--,--,5.0,5.0,20.7,15.5,18.8,19.9,17.7,18.0,--
2024,Sergipe,Urbana,Federal,11.4,--,11.4,--,--,--,--,--,5.0,5.0,20.7,15.5,19.3,20.9,17.1,18.6,--
2024,Sergipe,Rural,Federal,--,--,--,--,--,--,--,--,--,--,--,--,17.9,17.6,18.8,17.2,--
2024,Sergipe,Total,Estadual,19.9,11.0,23.5,3.9,7.3,8.6,13.9,14.5,24.0,22.9,26.3,20.8,24.7,25.7,24.5,23.5,--
2024,Sergipe,Urbana,Estadual,20.0,11.1,23.7,4.0,7.4,8.6,13.9,14.7,24.3,23.1,26.6,20.9,24.7,25.7,24.5,23.5,--
2024,Sergipe,Rural,Estadual,15.3,8.6,17.2,0.0,2.2,9.4,14.2,8.3,13.7,19.7,17.7,17.0,24.6,26.5,23.2,23.9,--
2024,Sergipe,Total,Municipal,20.1,11.6,32.9,1.9,3.9,12.3,17.4,21.8,34.3,33.3,32.8,30.5,--,--,--,--,--
2024,Sergipe,Urbana,Municipal,20.5,11.9,33.0,2.3,4.9,12.9,17.9,21.5,34.2,33.4,33.1,30.4,--,--,--,--,--
2024,Sergipe,Rural,Municipal,19.4,11.0,32.8,1.1,2.0,11.4,16.5,22.5,34.5,33.2,32.1,30.7,--,--,--,--,--
2024,Sergipe,Total,Privada,4.8,4.0,6.0,1.6,3.3,4.5,5.8,5.3,6.1,6.0,6.3,5.4,5.3,6.0,4.9,5.0,--
2024,Sergipe,Urbana,Privada,4.8,4.1,6.0,1.6,3.3,4.5,5.8,5.3,6.1,5.9,6.3,5.4,5.3,6.0,4.9,5.0,--
2024,Sergipe,Rural,Privada,3.4,1.9,7.4,0.0,0.7,3.2,2.8,3.4,7.1,9.9,8.3,4.2,--,--,--,--,--
2024,Sergipe,Total,Pública,20.0,11.5,29.3,2.1,4.3,11.8,16.7,20.4,30.8,29.6,30.1,26.1,24.5,25.5,24.2,23.3,--
2024,Sergipe,Urbana,Pública,20.3,11.7,28.5,2.5,5.3,12.1,16.8,19.6,30.0,28.7,29.8,25.2,24.6,25.6,24.4,23.4,--
2024,Sergipe,Rural,Pública,19.3,11.0,31.9,1.1,2.0,11.4,16.5,22.2,33.5,32.5,31.1,29.6,23.4,24.7,22.4,22.7,--
2024,Bahia,Total,Total,19.6,13.4,27.2,3.4,6.4,15.2,19.3,21.6,27.9,28.1,27.0,25.6,27.1,26.3,25.2,29.9,50.7
2024,Bahia,Urbana,Total,19.5,13.6,26.2,3.9,7.2,15.8,19.5,20.9,26.9,27.1,25.9,24.6,26.7,25.8,24.9,29.5,59.2
2024,Bahia,Rural,Total,19.9,12.6,31.2,2.0,4.2,13.6,18.5,23.7,31.6,32.0,31.4,29.6,31.9,32.0,29.2,34.7,28.8
2024,Bahia,Total,Federal,13.0,--,13.0,--,--,--,--,--,2.3,18.3,13.5,16.7,29.8,20.9,23.6,40.1,61.4
2024,Bahia,Urbana,Federal,13.0,--,13.0,--,--,--,--,--,2.3,18.3,13.5,16.7,29.2,19.5,21.9,40.4,61.4
2024,Bahia,Rural,Federal,--,--,--,--,--,--,--,--,--,--,--,--,34.0,30.1,34.3,38.6,--
2024,Bahia,Total,Estadual,32.8,17.8,33.1,2.3,5.5,17.7,25.3,34.1,28.0,31.5,35.0,36.4,29.5,28.7,27.5,32.4,--
2024,Bahia,Urbana,Estadual,32.7,0.8,32.8,0.0,0.0,2.6,1.2,0.0,27.6,31.1,34.7,36.1,29.2,28.4,27.3,32.2,--
2024,Bahia,Rural,Estadual,34.3,20.8,43.1,2.7,6.4,20.3,30.2,40.3,39.0,42.6,47.5,43.5,32.7,32.9,29.5,35.5,--
2024,Bahia,Total,Municipal,21.4,14.6,30.3,3.1,6.4,16.3,21.2,24.3,31.5,31.6,29.8,27.6,36.8,40.8,35.4,35.9,30.2
2024,Bahia,Urbana,Municipal,22.1,15.5,29.9,3.6,7.5,17.6,22.4,24.7,31.5,31.4,29.2,26.9,42.2,56.9,39.1,42.9,18.2
2024,Bahia,Rural,Municipal,19.8,12.6,31.2,2.0,4.2,13.6,18.5,23.7,31.7,32.0,31.3,29.3,33.2,34.6,33.0,29.6,46.3
2024,Bahia,Total,Privada,8.9,8.8,9.1,4.6,6.5,11.2,11.8,10.4,10.8,9.2,8.5,7.7,8.1,9.4,7.7,6.2,27.4
2024,Bahia,Urbana,Privada,8.8,8.8,8.9,4.6,6.5,11.2,11.8,10.3,10.7,8.9,8.2,7.3,6.9,8.3,6.7,5.1,33.3
2024,Bahia,Rural,Privada,14.0,9.1,19.6,3.3,5.9,11.5,11.6,13.9,16.7,19.0,20.5,21.6,24.6,24.8,23.0,25.3,27.2
2024,Bahia,Total,Pública,22.1,14.6,30.6,3.1,6.4,16.3,21.2,24.4,31.2,31.6,30.5,29.1,29.5,28.5,27.4,32.7,59.0
2024,Bahia,Urbana,Pública,22.9,15.5,30.4,3.6,7.5,17.6,22.4,24.7,31.0,31.4,30.2,28.9,29.2,28.1,27.2,32.4,59.5
2024,Bahia,Rural,Pública,20.0,12.7,31.4,2.0,4.2,13.7,18.6,23.8,31.8,32.2,31.5,29.7,32.8,32.8,29.9,35.5,46.3
2024,Minas Gerais,Total,Total,6.6,3.1,10.7,1.1,1.9,3.8,4.1,4.3,8.7,10.6,11.5,11.9,15.0,18.9,14.0,10.7,44.4
2024,Minas Gerais,Urbana,Total,6.6,3.0,10.6,1.0,1.9,3.9,4.0,4.3,8.7,10.6,11.5,11.8,15.0,19.0,14.1,10.6,44.4
2024,Minas Gerais,Rural,Total,6.2,3.2,12.0,1.6,1.9,3.2,4.6,4.7,10.3,11.2,13.3,13.3,14.2,15.7,13.2,13.5,--
2024,Minas Gerais,Total,Federal,10.9,3.3,15.6,0.0,0.6,3.3,4.2,8.9,6.3,20.2,15.1,18.6,15.6,15.2,15.7,15.7,44.4
2024,Minas Gerais,Urbana,Federal,10.9,3.3,15.6,0.0,0.6,3.3,4.2,8.9,6.3,20.2,15.1,18.6,16.4,16.0,16.8,16.3,44.4
2024,Minas Gerais,Rural,Federal,--,--,--,--,--,--,--,--,--,--,--,--,12.7,12.4,12.1,13.8,--
2024,Minas Gerais,Total,Estadual,9.1,2.5,11.6,0.6,1.4,3.4,3.2,3.5,8.9,11.2,12.6,13.4,16.3,20.8,15.1,11.3,--
2024,Minas Gerais,Urbana,Estadual,9.1,2.5,11.6,0.6,1.4,3.4,3.2,3.4,8.9,11.3,12.6,13.4,16.3,20.9,15.2,11.2,--
2024,Minas Gerais,Rural,Estadual,8.4,3.6,11.4,1.3,1.3,3.5,4.1,7.2,9.5,9.2,13.1,13.8,14.5,17.1,13.3,12.9,--
2024,Minas Gerais,Total,Municipal,5.9,3.5,12.6,1.2,2.2,4.4,4.8,5.1,11.5,13.2,13.5,12.6,9.3,10.7,9.1,7.8,--
2024,Minas Gerais,Urbana,Municipal,6.0,3.5,12.7,1.1,2.2,4.5,4.8,5.2,11.5,13.3,13.5,12.5,9.0,10.6,8.7,7.5,--
2024,Minas Gerais,Rural,Municipal,5.7,3.2,12.4,1.7,2.0,3.2,4.6,4.4,10.8,12.3,13.5,13.0,20.0,16.7,20.8,22.6,--
2024,Minas Gerais,Total,Privada,2.2,1.7,2.9,1.3,1.6,1.8,2.1,1.8,2.1,2.7,3.1,3.6,5.8,6.4,5.3,5.6,--
2024,Minas Gerais,Urbana,Privada,2.2,1.7,2.8,1.3,1.6,1.8,2.1,1.8,2.1,2.7,3.0,3.5,5.5,6.1,5.1,5.3,--
2024,Minas Gerais,Rural,Privada,8.1,3.2,10.8,0.0,0.0,3.7,6.8,7.5,5.2,9.8,13.0,11.6,16.7,17.5,15.5,16.9,--
2024,Minas Gerais,Total,Pública,7.3,3.3,11.9,1.0,2.0,4.2,4.4,4.7,9.8,11.9,12.9,13.2,16.2,20.5,15.1,11.5,44.4
2024,Minas Gerais,Urbana,Pública,7.4,3.3,11.9,1.0,2.0,4.3,4.4,4.7,9.8,11.9,12.9,13.1,16.3,20.7,15.2,11.4,44.4
2024,Minas Gerais,Rural,Pública,6.2,3.2,12.1,1.6,1.9,3.2,4.6,4.7,10.4,11.3,13.3,13.3,14.0,15.5,13.0,13.2,--
2024,Espírito Santo,Total,Total,10.6,6.5,16.0,1.7,3.4,7.2,9.5,10.4,14.9,16.8,16.7,15.5,16.1,19.0,16.3,11.6,22.7
2024,Espírito Santo,Urbana,Total,10.5,6.4,15.8,1.8,3.5,7.2,9.2,10.2,14.6,16.6,16.6,15.4,16.1,19.1,16.4,11.4,26.0
2024,Espírito Santo,Rural,Total,11.2,7.1,18.1,1.3,3.3,7.3,11.4,12.0,17.8,18.6,18.8,16.9,15.8,16.6,14.5,16.4,13.5
2024,Espírito Santo,Total,Federal,--,--,--,--,--,--,--,--,--,--,--,--,15.6,14.9,12.4,17.1,25.3
2024,Espírito Santo,Urbana,Federal,--,--,--,--,--,--,--,--,--,--,--,--,15.5,15.3,12.2,15.5,26.0
2024,Espírito Santo,Rural,Federal,--,--,--,--,--,--,--,--,--,--,--,--,16.2,13.8,13.0,21.7,18.8
2024,Espírito Santo,Total,Estadual,14.0,5.4,15.9,1.4,3.2,4.4,6.9,9.5,13.2,15.8,17.0,17.1,17.8,21.3,18.2,12.2,--
2024,Espírito Santo,Urbana,Estadual,14.2,5.6,16.0,1.3,3.5,4.4,7.0,9.8,13.3,15.7,17.0,17.2,17.8,21.4,18.3,12.2,--
2024,Espírito Santo,Rural,Estadual,10.9,4.6,14.9,1.8,2.0,4.9,6.1,7.9,12.5,16.2,15.5,15.1,14.7,18.2,13.2,11.7,--
2024,Espírito Santo,Total,Municipal,11.5,7.4,19.2,1.9,3.9,8.4,10.9,11.9,18.3,20.4,20.1,17.7,--,--,--,--,--
2024,Espírito Santo,Urbana,Municipal,11.6,7.4,19.2,2.0,3.9,8.5,10.7,11.9,18.2,20.5,20.1,17.7,--,--,--,--,--
2024,Espírito Santo,Rural,Municipal,11.1,7.3,19.1,1.3,3.4,7.5,11.9,12.3,19.3,19.5,19.8,17.7,--,--,--,--,--
2024,Espírito Santo,Total,Privada,1.9,1.2,2.8,0.7,0.7,1.0,1.7,1.8,2.0,2.5,3.0,3.6,5.7,5.9,5.9,4.8,11.6
2024,Espírito Santo,Urbana,Privada,1.7,1.2,2.4,0.7,0.7,1.0,1.7,1.8,1.7,2.2,2.5,3.3,4.4,4.7,4.7,3.8,--
2024,Espírito Santo,Rural,Privada,14.8,--,14.8,--,--,--,--,--,11.1,13.7,18.9,15.0,17.1,17.4,19.2,16.6,11.6
2024,Espírito Santo,Total,Pública,12.0,7.3,18.1,1.9,3.8,8.2,10.6,11.7,16.9,19.0,19.0,17.4,17.6,20.8,17.8,12.6,25.3
2024,Espírito Santo,Urbana,Pública,12.1,7.3,18.1,2.0,3.9,8.3,10.5,11.7,16.8,19.0,19.0,17.5,17.7,21.0,18.0,12.4,26.0
2024,Espírito Santo,Rural,Pública,11.1,7.1,18.2,1.3,3.3,7.3,11.4,12.0,18.1,18.8,18.8,17.0,15.4,16.3,13.1,16.4,18.8
2024,Rio de Janeiro,Total,Total,16.4,12.6,21.5,4.6,9.6,14.5,16.8,17.4,22.1,21.4,22.9,19.1,27.0,30.2,27.3,21.9,69.2
2024,Rio de Janeiro,Urbana,Total,16.2,12.5,21.1,4.6,9.4,14.4,16.6,17.2,21.8,21.0,22.6,18.8,26.9,30.0,27.1,21.8,69.2
2024,Rio de Janeiro,Rural,Total,20.0,15.1,29.2,5.4,12.9,17.0,19.5,21.1,30.1,29.5,30.1,26.5,32.5,36.6,32.8,26.0,--
2024,Rio de Janeiro,Total,Federal,11.3,5.4,15.0,3.3,4.7,6.3,7.5,4.5,11.7,15.2,16.0,16.7,24.3,24.9,23.7,23.8,33.2
2024,Rio de Janeiro,Urbana,Federal,11.3,5.4,15.0,3.3,4.7,6.3,7.5,4.5,11.7,15.2,16.0,16.7,23.6,23.9,23.0,23.5,33.2
2024,Rio de Janeiro,Rural,Federal,--,--,--,--,--,--,--,--,--,--,--,--,39.3,41.6,39.2,33.3,--
2024,Rio de Janeiro,Total,Estadual,35.0,17.1,35.2,6.0,8.8,21.8,26.6,17.0,36.3,31.1,38.7,34.2,32.5,35.8,33.0,26.8,--
2024,Rio de Janeiro,Urbana,Estadual,35.0,14.0,35.2,5.5,8.1,12.7,23.9,16.7,36.2,31.1,38.7,34.2,32.5,35.8,33.0,26.8,--
2024,Rio de Janeiro,Rural,Estadual,35.8,77.0,35.4,100.0,40.0,75.0,100.0,100.0,37.0,32.1,37.9,34.5,33.4,37.5,33.8,26.7,--
2024,Rio de Janeiro,Total,Municipal,18.5,15.1,24.1,4.7,11.0,17.4,20.2,21.7,25.3,25.5,25.4,19.5,27.1,32.1,27.0,21.5,17.1
2024,Rio de Janeiro,Urbana,Municipal,18.4,15.1,23.8,4.6,10.8,17.4,20.2,21.7,25.0,25.1,25.2,19.1,27.1,32.1,27.0,21.5,17.1
2024,Rio de Janeiro,Rural,Municipal,19.6,15.5,29.2,5.5,13.2,17.4,20.1,22.0,29.9,30.6,29.8,26.0,--,--,--,--,--
2024,Rio de Janeiro,Total,Privada,7.5,7.3,7.9,4.4,6.5,8.4,9.2,7.9,7.9,8.0,7.8,8.0,8.4,9.2,8.3,6.5,95.4
2024,Rio de Janeiro,Urbana,Privada,7.5,7.3,7.9,4.4,6.5,8.4,9.2,7.9,7.9,8.0,7.8,8.1,8.4,9.2,8.3,6.5,95.4
2024,Rio de Janeiro,Rural,Privada,7.2,7.0,7.4,2.7,9.0,7.5,8.8,7.4,8.4,7.1,8.1,6.1,7.7,9.2,6.2,7.4,--
2024,Rio de Janeiro,Total,Pública,20.2,15.1,26.7,4.7,11.0,17.3,20.2,21.6,27.6,26.6,28.7,23.6,32.2,35.4,32.6,26.7,30.8
2024,Rio de Janeiro,Urbana,Pública,20.2,15.1,26.5,4.6,10.8,17.3,20.2,21.6,27.4,26.3,28.5,23.3,32.1,35.4,32.6,26.6,30.8
2024,Rio de Janeiro,Rural,Pública,20.8,15.6,30.5,5.5,13.2,17.6,20.2,22.0,31.3,30.9,31.5,27.8,33.6,37.7,34.0,26.9,--
2024,São Paulo,Total,Total,4.3,2.6,6.3,0.8,1.6,3.2,3.6,3.8,4.7,6.1,6.7,7.8,9.5,11.5,10.1,6.7,12.8
2024,São Paulo,Urbana,Total,4.3,2.6,6.3,0.8,1.6,3.2,3.6,3.8,4.7,6.1,6.7,7.7,9.5,11.5,10.2,6.7,12.8
2024,São Paulo,Rural,Total,4.4,2.6,7.4,0.6,1.4,3.6,3.5,3.9,4.8,6.5,8.0,10.3,6.7,7.7,6.8,5.5,--
2024,São Paulo,Total,Federal,6.0,0.5,8.6,0.0,0.0,0.0,0.0,3.3,3.3,3.1,14.0,13.2,8.7,7.7,8.5,8.5,14.5
2024,São Paulo,Urbana,Federal,6.0,0.5,8.6,0.0,0.0,0.0,0.0,3.3,3.3,3.1,14.0,13.2,8.7,7.7,8.5,8.5,14.5
2024,São Paulo,Total,Estadual,6.2,3.6,7.2,1.3,2.5,4.6,4.5,4.7,5.3,6.9,7.7,9.1,10.7,13.2,11.4,7.4,23.1
2024,São Paulo,Urbana,Estadual,6.1,3.6,7.2,1.3,2.5,4.6,4.5,4.8,5.3,6.9,7.7,9.1,10.7,13.2,11.5,7.4,23.1
2024,São Paulo,Rural,Estadual,6.7,2.9,7.5,1.9,2.4,3.0,3.5,3.5,4.5,6.2,8.9,10.3,6.9,7.8,7.0,5.6,--
2024,São Paulo,Total,Municipal,4.0,2.8,7.9,0.6,1.6,3.5,3.9,4.3,6.2,8.1,8.4,9.1,7.2,7.4,7.6,6.5,6.8
2024,São Paulo,Urbana,Municipal,4.0,2.8,7.9,0.7,1.6,3.5,4.0,4.4,6.2,8.1,8.4,9.0,7.2,7.4,7.6,6.5,6.8
2024,São Paulo,Rural,Municipal,3.6,2.6,8.4,0.5,1.3,3.8,3.6,4.1,6.1,7.9,7.6,12.2,1.5,0.0,0.0,3.2,--
2024,São Paulo,Total,Privada,1.7,1.3,2.3,0.7,0.9,1.4,1.8,1.7,1.8,2.1,2.4,2.9,3.6,4.0,3.8,3.1,0.7
2024,São Paulo,Urbana,Privada,1.7,1.3,2.3,0.7,0.9,1.4,1.7,1.6,1.8,2.1,2.4,2.9,3.6,4.0,3.8,3.1,0.7
2024,São Paulo,Rural,Privada,2.9,2.2,3.7,1.4,1.6,2.9,2.7,2.5,3.1,4.4,2.9,4.5,5.4,7.2,4.5,4.2,--
2024,São Paulo,Total,Pública,5.0,3.0,7.4,0.8,1.8,3.7,4.1,4.4,5.6,7.2,7.9,9.1,10.6,13.0,11.3,7.4,14.0
2024,São Paulo,Urbana,Pública,5.0,3.0,7.4,0.8,1.8,3.7,4.1,4.5,5.6,7.2,7.9,9.1,10.7,13.1,11.4,7.4,14.0
2024,São Paulo,Rural,Pública,4.6,2.6,7.8,0.5,1.4,3.7,3.6,4.0,5.0,6.7,8.5,10.9,6.8,7.8,7.0,5.6,--
2024,Paraná,Total,Total,7.2,5.3,9.7,1.1,4.1,6.1,7.7,7.6,8.2,9.9,10.3,10.4,10.6,12.5,10.5,8.5,6.9
2024,Paraná,Urbana,Total,7.1,5.2,9.6,1.1,4.0,6.0,7.6,7.5,8.1,9.8,10.2,10.2,10.5,12.5,10.4,8.4,7.0
2024,Paraná,Rural,Total,8.7,6.8,12.1,2.1,5.6,7.9,9.7,9.2,10.2,11.9,12.9,13.4,11.4,12.6,11.5,9.7,3.3
2024,Paraná,Total,Federal,10.3,--,10.3,--,--,--,--,--,1.1,8.3,12.1,16.5,9.6,11.2,7.7,9.4,9.4
2024,Paraná,Urbana,Federal,10.3,--,10.3,--,--,--,--,--,1.1,8.3,12.1,16.5,9.9,11.6,7.8,9.9,9.6
2024,Paraná,Rural,Federal,--,--,--,--,--,--,--,--,--,--,--,--,2.9,1.7,6.4,0.0,4.5
2024,Paraná,Total,Estadual,11.1,14.3,11.1,7.0,13.5,14.9,16.0,19.2,9.5,11.3,11.8,11.9,12.0,14.2,11.9,9.7,6.6
2024,Paraná,Urbana,Estadual,11.1,8.1,11.1,1.3,5.6,9.9,10.1,11.8,9.4,11.3,11.8,11.8,12.0,14.2,12.0,9.7,6.6
2024,Paraná,Rural,Estadual,12.5,16.9,12.1,9.2,16.2,16.8,18.8,22.3,10.2,11.9,12.9,13.5,11.7,13.1,11.7,10.1,0.0
2024,Paraná,Total,Municipal,5.9,5.9,6.0,1.1,4.5,6.8,8.7,8.6,4.9,6.1,6.4,6.6,--,--,--,--,--
2024,Paraná,Urbana,Municipal,5.8,5.8,4.9,1.1,4.5,6.8,8.7,8.6,3.6,5.0,4.8,6.2,--,--,--,--,--
2024,Paraná,Rural,Municipal,6.5,6.4,14.4,1.8,5.1,7.5,9.3,8.5,13.1,15.8,17.7,10.0,--,--,--,--,--
2024,Paraná,Total,Privada,1.6,1.6,1.7,1.1,1.6,1.7,2.1,1.6,1.4,1.8,1.7,2.0,2.3,2.7,2.4,1.7,0.0
2024,Paraná,Urbana,Privada,1.6,1.6,1.7,1.2,1.6,1.7,2.1,1.6,1.4,1.8,1.6,1.9,2.3,2.7,2.4,1.7,0.0
2024,Paraná,Rural,Privada,2.3,0.5,5.0,0.0,0.0,1.4,1.2,0.0,1.6,1.6,6.6,9.2,3.3,3.2,6.2,0.8,--
2024,Paraná,Total,Pública,8.2,5.9,11.1,1.1,4.6,6.9,8.7,8.6,9.4,11.3,11.8,11.8,12.0,14.1,11.9,9.7,7.0
2024,Paraná,Urbana,Pública,8.1,5.9,11.0,1.1,4.5,6.8,8.7,8.6,9.4,11.2,11.7,11.7,12.0,14.2,11.9,9.7,7.0
2024,Paraná,Rural,Pública,8.8,6.9,12.2,2.1,5.6,7.9,9.8,9.2,10.3,12.0,13.0,13.5,11.6,12.8,11.6,10.0,3.3
2024,Santa Catarina,Total,Total,9.5,5.4,14.8,1.5,4.4,6.2,6.7,8.4,13.2,15.2,15.9,14.9,18.1,23.2,16.4,11.4,65.9
2024,Santa Catarina,Urbana,Total,9.6,5.5,14.8,1.6,4.5,6.2,6.8,8.4,13.3,15.3,15.9,14.8,18.2,23.3,16.5,11.3,65.4
2024,Santa Catarina,Rural,Total,8.2,4.8,14.8,1.4,3.6,5.4,6.0,7.9,12.1,15.0,16.5,16.3,16.1,19.3,14.9,12.0,92.6
2024,Santa Catarina,Total,Federal,9.4,1.2,18.9,0.0,1.4,1.4,2.8,0.0,11.0,12.7,27.4,24.7,18.8,18.2,17.6,17.9,36.5
2024,Santa Catarina,Urbana,Federal,9.4,1.2,18.9,0.0,1.4,1.4,2.8,0.0,11.0,12.7,27.4,24.7,19.4,18.8,18.2,18.3,36.5
2024,Santa Catarina,Rural,Federal,--,--,--,--,--,--,--,--,--,--,--,--,12.4,12.2,11.0,14.3,--
2024,Santa Catarina,Total,Estadual,15.3,8.1,19.8,2.1,9.3,8.9,6.9,12.2,16.9,20.5,21.4,20.3,20.6,26.6,18.6,12.7,85.6
2024,Santa Catarina,Urbana,Estadual,15.4,8.3,19.8,2.2,9.4,9.1,7.0,12.3,17.1,20.6,21.5,20.3,20.7,26.7,18.7,12.7,85.7
2024,Santa Catarina,Rural,Estadual,13.2,6.7,18.6,1.4,7.4,6.4,6.4,11.4,14.4,19.3,20.9,20.4,17.8,22.2,16.5,12.7,77.8
2024,Santa Catarina,Total,Municipal,8.3,5.5,13.8,1.4,3.7,6.4,7.6,8.4,13.1,14.1,14.7,13.1,15.6,14.0,11.1,7.7,100.0
2024,Santa Catarina,Urbana,Municipal,8.5,5.6,13.9,1.4,3.8,6.5,7.9,8.6,13.3,14.3,14.8,13.1,5.8,6.2,5.6,5.7,--
2024,Santa Catarina,Rural,Municipal,6.5,4.4,12.4,1.4,2.8,5.2,6.0,7.1,10.6,12.1,13.6,13.6,35.5,28.6,25.9,13.3,100.0
2024,Santa Catarina,Total,Privada,2.3,1.8,3.0,1.4,1.3,1.7,2.5,2.1,2.8,2.8,3.0,3.5,4.0,4.1,4.5,3.2,66.7
2024,Santa Catarina,Urbana,Privada,2.3,1.8,3.0,1.4,1.4,1.7,2.5,2.1,2.8,2.8,2.9,3.5,4.0,4.1,4.5,3.2,66.7
2024,Santa Catarina,Rural,Privada,2.4,1.5,3.4,0.0,0.8,1.6,4.0,1.9,1.9,2.7,3.7,4.9,4.1,4.2,5.1,2.7,--
2024,Santa Catarina,Total,Pública,10.7,6.1,16.7,1.6,5.0,7.0,7.5,9.5,14.9,17.2,18.0,16.8,20.5,26.2,18.6,12.9,65.9
2024,Santa Catarina,Urbana,Pública,10.9,6.2,16.8,1.6,5.1,7.1,7.6,9.6,15.1,17.3,18.1,16.8,20.6,26.3,18.6,12.9,65.4
2024,Santa Catarina,Rural,Pública,8.3,4.8,15.1,1.4,3.7,5.4,6.0,8.0,12.2,15.2,16.7,16.6,17.3,20.7,15.8,12.9,92.6
2024,Rio Grande do Sul,Total,Total,11.5,6.7,17.9,1.1,1.6,7.9,10.8,11.5,16.1,18.3,19.5,17.8,21.2,25.8,20.3,14.7,36.8
2024,Rio Grande do Sul,Urbana,Total,11.4,6.7,17.7,1.0,1.6,8.0,10.7,11.5,15.9,18.1,19.3,17.5,21.1,25.8,20.2,14.4,37.1
2024,Rio Grande do Sul,Rural,Total,12.3,6.8,20.5,2.0,1.3,7.3,11.0,11.7,18.2,20.7,21.8,21.7,23.6,25.9,22.7,19.8,34.2
2024,Rio Grande do Sul,Total,Federal,13.6,0.0,14.8,0.0,0.0,0.0,0.0,0.0,7.5,15.0,19.7,15.3,21.4,20.6,18.4,18.7,41.8
2024,Rio Grande do Sul,Urbana,Federal,13.6,0.0,14.8,0.0,0.0,0.0,0.0,0.0,7.5,15.0,19.7,15.3,22.8,22.2,19.4,20.2,40.2
2024,Rio Grande do Sul,Rural,Federal,--,--,--,--,--,--,--,--,--,--,--,--,16.2,14.1,15.1,14.1,55.7
2024,Rio Grande do Sul,Total,Estadual,13.2,7.2,19.0,1.0,1.7,8.7,11.2,11.7,16.1,19.1,20.8,20.0,23.7,28.9,22.8,16.2,32.8
2024,Rio Grande do Sul,Urbana,Estadual,13.2,7.2,18.9,0.9,1.7,8.8,11.3,11.7,16.2,19.0,20.7,19.7,23.5,28.9,22.7,16.0,34.0
2024,Rio Grande do Sul,Rural,Estadual,13.8,7.0,20.5,1.3,2.4,8.1,10.3,11.1,15.9,20.8,21.6,24.1,26.9,30.9,26.2,22.2,24.0
2024,Rio Grande do Sul,Total,Municipal,13.0,7.8,21.2,1.2,1.8,9.1,12.7,13.9,19.7,21.9,23.1,20.4,36.6,37.5,29.4,37.1,61.4
2024,Rio Grande do Sul,Urbana,Municipal,13.2,8.0,21.3,1.0,1.9,9.4,13.0,14.2,19.8,22.0,23.2,20.4,36.5,36.3,28.3,38.3,61.4
2024,Rio Grande do Sul,Rural,Municipal,11.9,6.7,20.6,2.2,1.0,7.1,11.2,11.9,19.2,20.7,21.9,20.7,37.0,45.5,34.8,28.4,--
2024,Rio Grande do Sul,Total,Privada,2.3,1.6,3.4,1.3,0.8,1.9,2.2,2.1,2.7,3.1,3.7,3.9,5.4,5.7,6.3,3.9,31.5
2024,Rio Grande do Sul,Urbana,Privada,2.3,1.6,3.4,1.3,0.8,1.8,2.1,2.0,2.7,3.1,3.7,3.9,5.3,5.6,6.2,3.8,31.5
2024,Rio Grande do Sul,Rural,Privada,5.4,5.1,6.1,0.0,0.0,5.7,12.8,12.8,10.5,0.0,10.7,0.0,11.9,10.2,12.6,13.2,--
2024,Rio Grande do Sul,Total,Pública,13.1,7.6,20.3,1.1,1.7,9.0,12.2,13.2,18.2,20.7,22.1,20.2,23.6,28.5,22.6,16.6,36.9
2024,Rio Grande do Sul,Urbana,Pública,13.2,7.7,20.2,1.0,1.8,9.2,12.4,13.3,18.2,20.7,22.1,20.0,23.6,28.6,22.5,16.4,37.2
2024,Rio Grande do Sul,Rural,Pública,12.3,6.8,20.5,2.0,1.3,7.4,11.0,11.7,18.2,20.7,21.8,21.8,24.2,26.7,23.3,20.1,34.2
2024,Mato Grosso do Sul,Total,Total,17.1,13.6,21.8,3.8,11.3,16.2,18.4,19.2,23.0,21.8,21.4,20.8,21.6,24.4,20.4,17.6,99.1
2024,Mato Grosso do Sul,Urbana,Total,16.0,12.8,20.3,3.7,10.7,15.4,17.4,17.8,21.2,20.4,20.0,19.6,20.5,23.5,19.4,16.4,99.7
2024,Mato Grosso do Sul,Rural,Total,26.7,20.8,34.9,4.9,16.1,23.0,28.0,31.5,37.7,33.7,35.1,32.7,35.6,36.1,35.5,32.9,95.7
2024,Mato Grosso do Sul,Total,Federal,4.4,--,4.4,--,--,--,--,--,3.0,3.3,4.5,6.1,16.9,11.8,10.7,29.0,--
2024,Mato Grosso do Sul,Urbana,Federal,4.4,--,4.4,--,--,--,--,--,3.0,3.3,4.5,6.1,16.2,11.2,10.5,28.5,--
2024,Mato Grosso do Sul,Rural,Federal,--,--,--,--,--,--,--,--,--,--,--,--,22.5,17.5,12.8,31.9,--
2024,Mato Grosso do Sul,Total,Estadual,23.6,19.1,24.0,2.9,13.3,18.7,23.1,21.0,25.9,23.4,23.5,23.9,24.2,27.5,23.1,19.2,99.1
2024,Mato Grosso do Sul,Urbana,Estadual,23.8,21.4,23.9,3.3,17.3,21.8,24.5,21.2,25.9,23.4,23.4,23.6,23.1,26.5,22.0,18.0,99.7
2024,Mato Grosso do Sul,Rural,Estadual,21.8,13.6,26.3,2.7,10.1,16.5,17.3,20.1,25.9,22.3,25.8,30.4,38.3,39.0,38.3,34.7,95.7
2024,Mato Grosso do Sul,Total,Municipal,17.8,15.3,25.2,4.3,12.6,18.3,20.7,22.0,26.5,25.6,25.0,22.2,14.6,19.4,11.1,9.4,--
2024,Mato Grosso do Sul,Urbana,Municipal,16.3,14.5,22.0,4.2,12.1,17.6,19.6,20.4,23.3,22.8,21.7,18.8,--,--,--,--,--
2024,Mato Grosso do Sul,Rural,Municipal,28.0,21.8,38.6,5.1,16.9,24.1,29.6,33.1,41.2,37.8,39.2,34.6,14.6,19.4,11.1,9.4,--
2024,Mato Grosso do Sul,Total,Privada,2.1,1.8,2.6,0.9,1.9,2.0,2.5,2.1,2.4,2.1,2.8,3.1,3.1,4.0,3.1,1.9,--
2024,Mato Grosso do Sul,Urbana,Privada,2.1,1.8,2.6,0.9,1.9,2.0,2.5,2.1,2.5,2.1,2.7,3.0,2.6,3.6,2.5,1.5,--
2024,Mato Grosso do Sul,Rural,Privada,3.8,1.9,5.4,11.1,2.5,0.0,0.0,2.1,0.0,4.4,7.2,9.7,16.3,15.0,19.7,14.2,--
2024,Mato Grosso do Sul,Total,Pública,19.3,15.4,24.5,4.3,12.6,18.3,20.9,21.9,26.2,24.3,24.0,23.3,23.9,26.7,22.6,19.8,99.1
2024,Mato Grosso do Sul,Urbana,Pública,18.3,14.7,23.1,4.2,12.1,17.6,19.9,20.5,24.5,23.1,22.7,22.2,22.8,25.8,21.6,18.6,99.7
2024,Mato Grosso do Sul,Rural,Pública,27.0,21.0,35.4,4.9,16.2,23.3,28.4,31.8,38.2,34.2,35.6,33.2,36.7,37.2,36.5,34.0,95.7
2024,Mato Grosso,Total,Total,5.6,3.3,8.7,1.3,2.0,3.4,4.6,5.3,7.1,8.5,9.5,9.8,13.3,14.2,14.4,10.7,15.2
2024,Mato Grosso,Urbana,Total,5.3,3.0,8.3,1.2,1.7,3.1,4.3,4.9,6.6,8.2,9.1,9.3,13.2,14.1,14.4,10.4,25.4
2024,Mato Grosso,Rural,Total,7.9,5.0,12.2,2.2,3.8,4.9,6.3,7.9,10.7,11.1,12.9,14.2,14.3,14.8,14.4,13.5,2.0
2024,Mato Grosso,Total,Federal,--,--,--,--,--,--,--,--,--,--,--,--,13.3,10.3,13.4,16.9,25.4
2024,Mato Grosso,Urbana,Federal,--,--,--,--,--,--,--,--,--,--,--,--,13.2,9.2,14.0,16.7,25.4
2024,Mato Grosso,Rural,Federal,--,--,--,--,--,--,--,--,--,--,--,--,13.9,13.1,11.6,18.0,--
2024,Mato Grosso,Total,Estadual,8.9,6.0,9.2,3.4,5.5,4.7,6.4,7.3,7.7,8.9,9.9,10.2,14.4,15.4,15.6,11.2,2.0
2024,Mato Grosso,Urbana,Estadual,8.7,4.0,9.0,1.0,2.4,2.8,4.4,5.4,7.3,8.7,9.8,9.9,14.4,15.4,15.7,11.0,--
2024,Mato Grosso,Rural,Estadual,11.0,9.6,11.5,5.4,8.9,7.6,11.3,12.9,11.0,10.4,11.5,13.0,14.4,15.1,15.1,12.6,2.0
2024,Mato Grosso,Total,Municipal,3.9,3.2,10.1,0.9,1.9,3.4,4.6,5.4,7.4,10.9,13.2,14.4,--,--,--,--,--
2024,Mato Grosso,Urbana,Municipal,3.5,3.1,8.6,0.8,1.8,3.3,4.5,5.2,6.7,10.0,11.3,12.2,--,--,--,--,--
2024,Mato Grosso,Rural,Municipal,6.2,4.2,13.6,1.7,2.9,4.4,5.3,6.8,10.4,12.7,15.9,17.0,--,--,--,--,--
2024,Mato Grosso,Total,Privada,3.0,2.7,3.5,3.4,1.3,2.3,3.4,2.8,3.1,3.3,3.9,3.7,3.8,4.8,3.8,2.7,--
2024,Mato Grosso,Urbana,Privada,3.0,2.7,3.5,3.4,1.3,2.3,3.4,2.8,3.1,3.3,3.9,3.7,3.8,4.8,3.8,2.7,--
2024,Mato Grosso,Rural,Privada,3.9,1.5,5.6,0.0,0.0,0.0,10.0,0.0,4.5,0.0,4.5,10.7,18.2,18.2,--,18.2,--
2024,Mato Grosso,Total,Pública,5.9,3.4,9.4,1.0,2.1,3.5,4.7,5.6,7.6,9.1,10.2,10.6,14.3,15.1,15.5,11.6,15.2
2024,Mato Grosso,Urbana,Pública,5.6,3.1,9.0,0.8,1.8,3.3,4.5,5.2,7.1,8.9,9.9,10.0,14.3,15.1,15.6,11.4,25.4
2024,Mato Grosso,Rural,Pública,7.9,5.1,12.2,2.2,3.8,4.9,6.3,7.9,10.8,11.2,12.9,14.2,14.3,14.8,14.4,13.5,2.0
2024,Goiás,Total,Total,8.7,6.1,12.0,1.7,3.2,7.1,8.9,9.6,11.0,11.9,12.4,12.7,12.1,14.3,11.9,9.1,47.6
2024,Goiás,Urbana,Total,8.6,6.1,11.8,1.6,3.2,7.1,8.8,9.5,10.9,11.7,12.2,12.5,11.9,14.2,11.8,8.8,47.6
2024,Goiás,Rural,Total,10.9,7.3,17.1,2.3,3.1,7.4,10.6,13.2,14.9,17.1,18.4,18.0,17.5,17.1,15.7,20.1,--
2024,Goiás,Total,Federal,11.3,10.4,12.3,0.0,14.6,16.3,13.3,5.2,8.5,18.3,10.2,12.3,16.8,13.6,13.6,21.9,49.4
2024,Goiás,Urbana,Federal,11.3,10.4,12.3,0.0,14.6,16.3,13.3,5.2,8.5,18.3,10.2,12.3,17.2,14.2,13.7,20.9,49.4
2024,Goiás,Rural,Federal,--,--,--,--,--,--,--,--,--,--,--,--,15.6,11.7,13.2,25.2,--
2024,Goiás,Total,Estadual,12.0,4.9,12.1,0.0,2.2,4.3,5.9,7.4,10.2,11.5,12.5,13.5,13.1,15.7,13.0,9.6,--
2024,Goiás,Urbana,Estadual,12.0,4.6,12.0,0.0,0.0,4.3,5.1,7.0,10.1,11.5,12.5,13.4,13.0,15.6,12.9,9.4,--
2024,Goiás,Rural,Estadual,15.6,5.8,16.0,0.0,5.1,4.3,7.7,8.9,13.1,15.7,16.7,18.3,19.6,20.8,17.7,19.9,--
2024,Goiás,Total,Municipal,8.8,6.9,16.9,1.7,3.5,8.1,10.1,11.2,15.6,17.6,18.1,17.0,10.6,11.9,8.2,11.7,--
2024,Goiás,Urbana,Municipal,8.7,6.9,16.8,1.7,3.5,8.1,10.0,11.1,15.6,17.5,17.9,16.8,10.6,12.2,8.0,11.6,--
2024,Goiás,Rural,Municipal,10.2,7.4,18.2,2.3,3.1,7.5,10.8,13.5,16.1,18.4,20.0,18.5,10.3,9.1,10.5,12.5,--
2024,Goiás,Total,Privada,3.5,3.0,4.5,1.5,2.2,3.6,4.2,3.7,5.7,4.1,3.8,4.2,4.6,5.4,4.7,3.4,0.0
2024,Goiás,Urbana,Privada,3.5,3.0,4.5,1.5,2.2,3.6,4.2,3.7,5.7,4.0,3.8,4.2,4.5,5.4,4.6,3.3,0.0
2024,Goiás,Rural,Privada,4.9,2.9,7.6,2.2,0.0,3.4,3.7,4.3,10.5,5.7,8.7,5.7,9.3,8.1,11.1,8.3,--
2024,Goiás,Total,Pública,9.9,6.9,13.4,1.7,3.5,8.1,10.1,11.2,12.1,13.3,13.9,14.2,13.2,15.6,13.0,10.0,49.4
2024,Goiás,Urbana,Pública,9.8,6.9,13.2,1.7,3.5,8.1,10.0,11.0,12.0,13.2,13.7,14.0,13.1,15.5,12.9,9.7,49.4
2024,Goiás,Rural,Pública,11.1,7.4,17.3,2.3,3.1,7.4,10.7,13.4,15.0,17.3,18.6,18.4,18.3,18.0,16.3,21.3,--
2024,Distrito Federal,Total,Total,11.2,8.2,15.1,3.7,3.1,10.4,10.5,12.7,14.5,16.6,13.1,16.0,17.8,20.8,19.0,12.7,--
2024,Distrito Federal,Urbana,Total,11.0,8.0,14.8,3.7,2.9,10.1,10.3,12.4,14.3,16.4,13.0,15.6,17.6,20.5,18.8,12.5,--
2024,Distrito Federal,Rural,Total,14.7,11.3,21.3,2.8,6.1,15.1,14.0,17.5,21.1,21.2,17.5,25.2,26.1,29.0,25.5,23.2,--
2024,Distrito Federal,Total,Federal,4.5,--,4.5,--,--,--,--,--,1.7,6.0,4.4,5.2,15.8,18.0,13.4,15.7,--
2024,Distrito Federal,Urbana,Federal,4.5,--,4.5,--,--,--,--,--,1.7,6.0,4.4,5.2,14.2,17.0,12.1,12.9,--
2024,Distrito Federal,Rural,Federal,--,--,--,--,--,--,--,--,--,--,--,--,24.3,23.9,19.7,29.9,--
2024,Distrito Federal,Total,Estadual,14.0,10.4,18.7,4.4,3.7,13.2,13.5,16.4,16.4,21.1,16.8,20.1,22.2,25.7,23.6,15.9,--
2024,Distrito Federal,Urbana,Estadual,14.0,10.3,18.5,4.6,3.5,13.1,13.4,16.3,16.2,21.0,16.7,19.8,22.1,25.6,23.5,15.8,--
2024,Distrito Federal,Rural,Estadual,15.0,11.4,22.2,2.9,6.2,15.3,14.2,17.6,21.1,22.2,18.6,26.5,26.1,30.2,27.5,17.6,--
2024,Distrito Federal,Total,Privada,3.7,2.1,5.7,1.7,1.5,2.1,2.8,2.3,10.3,3.8,4.0,4.1,4.6,5.6,4.9,3.2,--
2024,Distrito Federal,Urbana,Privada,3.6,2.1,5.6,1.8,1.5,2.1,2.8,2.3,10.3,3.7,3.9,4.0,4.3,5.3,4.6,2.6,--
2024,Distrito Federal,Rural,Privada,7.7,1.2,10.2,0.0,0.0,0.0,0.0,9.5,--,10.7,9.4,10.7,30.0,30.2,23.3,36.0,--
2024,Distrito Federal,Total,Pública,14.0,10.4,18.5,4.4,3.7,13.2,13.5,16.4,16.3,20.9,16.6,19.9,21.9,25.3,23.1,15.9,--
2024,Distrito Federal,Urbana,Pública,13.9,10.3,18.3,4.6,3.5,13.1,13.4,16.3,16.0,20.8,16.5,19.6,21.7,25.2,23.0,15.7,--
2024,Distrito Federal,Rural,Pública,15.0,11.4,22.2,2.9,6.2,15.3,14.2,17.6,21.1,22.2,18.6,26.5,25.6,28.9,25.8,20.9,--
,,,,,,,,,,,,,,,,,,,,
Fonte: Censo da Educação Básica 2024/INEP.,,,,,,,,,,,,,,,,,,,,
